[
  {
    "type": "npc",
    "id": "dmbb_npc_orb",
    "name_unique": "The orb",
    "class": "NC_DMBB_ORB",
    "attitude": 1,
    "mission": 7,
    "chat": "TALK_DMBB_ORB",
    "faction": "dmbb_defenders"
  },
  {
    "type": "npc",
    "id": "dmbb_npc_merc_knight",
    "name_suffix": "Knight",
    "class": "NC_DMBB_merc_knight",
    "attitude": 1,
    "mission": 7,
    "chat": "TALK_DMBB_MERC_KNIGHT",
    "faction": "dmbb_defenders"
  },
  {
    "type": "npc",
    "id": "dmbb_npc_merc_berserker",
    "name_suffix": "Berserker",
    "class": "NC_DMBB_merc_berserker",
    "attitude": 1,
    "mission": 7,
    "chat": "TALK_DMBB_MERC_BERSERKER",
    "faction": "dmbb_defenders"
  },
  {
    "type": "npc",
    "id": "dmbb_npc_merc_mutant",
    "name_suffix": "Mutant",
    "class": "NC_DMBB_merc_mutant",
    "attitude": 1,
    "mission": 7,
    "chat": "TALK_DMBB_MERC_MUTANT",
    "faction": "dmbb_defenders"
  },
  {
    "type": "npc",
    "id": "dmbb_npc_merc_ranger",
    "name_suffix": "Ranger",
    "class": "NC_DMBB_merc_ranger",
    "attitude": 1,
    "mission": 7,
    "chat": "TALK_DMBB_MERC_RANGER",
    "faction": "dmbb_defenders"
  },
  {
    "type": "npc",
    "id": "dmbb_npc_merc_bard",
    "name_suffix": "Bard",
    "class": "NC_DMBB_merc_bard",
    "attitude": 1,
    "mission": 7,
    "chat": "TALK_DMBB_MERC_BARD",
    "faction": "dmbb_defenders"
  },
  {
    "type": "npc",
    "id": "dmbb_npc_merc_mage",
    "name_suffix": "Mage",
    "class": "NC_DMBB_merc_mage",
    "attitude": 1,
    "mission": 7,
    "chat": "TALK_DMBB_MERC_MAGE",
    "faction": "dmbb_defenders"
  },
  {
    "type": "npc",
    "id": "dmbb_npc_merc_cleric",
    "name_suffix": "Cleric",
    "class": "NC_DMBB_merc_cleric",
    "attitude": 1,
    "mission": 7,
    "chat": "TALK_DMBB_MERC_CLERIC",
    "faction": "dmbb_defenders"
  },
  {
    "type": "npc",
    "id": "dmbb_npc_merc_priest",
    "name_suffix": "Priest",
    "class": "NC_DMBB_merc_priest",
    "attitude": 1,
    "mission": 7,
    "chat": "TALK_DMBB_MERC_PRIEST",
    "faction": "dmbb_defenders"
  }
]
