[
  {
    "type": "item_group",
    "id": "NC_DMBB_ORB_worn",
    "subtype": "distribution",
    "entries": [ { "item": "dmbb_death", "prob": 100 } ]
  },
  {
    "type": "item_group",
    "id": "NC_DMBB_ORB_weapon",
    "subtype": "distribution",
    "entries": [ { "item": "dmbb_orb_weapon", "prob": 100 } ]
  },
  {
    "type": "item_group",
    "id": "NC_DMBB_merc_knight_worn",
    "subtype": "collection",
    "entries": [
      { "item": "boots_plate" },
      { "item": "gloves_plate" },
      { "item": "helmet_barbute" },
      { "item": "waterskin" },
      { "item": "armor_lightplate" },
      { "item": "cloak" },
      { "item": "backpack_leather" },
      { "item": "bscabbard" }
    ]
  },
  {
    "type": "item_group",
    "id": "NC_DMBB_merc_knight_wield",
    "subtype": "collection",
    "entries": [ { "item": "zweihander" } ]
  },
  {
    "type": "item_group",
    "id": "NC_DMBB_merc_berserker_worn",
    "subtype": "collection",
    "entries": [
      { "item": "footrags" },
      { "item": "loincloth" },
      { "item": "cloak_wool" },
      { "item": "ragpouch" },
      { "item": "gloves_wraps" },
      { "item": "tunic_rag" },
      { "item": "backpack_leather" }
    ]
  },
  {
    "type": "item_group",
    "id": "NC_DMBB_merc_ranger_worn",
    "subtype": "collection",
    "entries": [
      { "item": "armor_larmor" },
      { "item": "vambrace_larmor" },
      { "item": "gauntlets_larmor" },
      { "item": "boots_larmor" },
      { "item": "sheath", "contents-item": "knife_combat" },
      { "item": "dmbb_ranger_arrow_wood", "charges": 50, "container-item": "quiver" },
      { "item": "knit_scarf" },
      { "item": "backpack_leather" },
      { "item": "cloak" }
    ]
  },
  {
    "type": "item_group",
    "id": "NC_DMBB_merc_ranger_wield",
    "subtype": "collection",
    "entries": [ { "item": "dmbb_ranger_shortbow" } ]
  },
  {
    "type": "item_group",
    "id": "NC_DMBB_merc_bard_worn",
    "subtype": "collection",
    "entries": [
      { "item": "armor_larmor" },
      { "item": "vambrace_larmor" },
      { "item": "gauntlets_larmor" },
      { "item": "boots_larmor" },
      { "item": "knit_scarf" },
      { "item": "cloak" }
    ]
  },
  {
    "type": "item_group",
    "id": "NC_DMBB_merc_bard_wield",
    "subtype": "collection",
    "entries": [ { "item": "dmbb_bard_banjo" } ]
  },
  {
    "type": "item_group",
    "id": "NC_DMBB_merc_healer_worn",
    "subtype": "collection",
    "entries": [
      { "item": "loincloth_leather" },
      { "item": "leathersandals" },
      { "item": "waterskin" },
      { "item": "cloak" },
      { "item": "backpack_leather" }
    ]
  },
  {
    "type": "item_group",
    "id": "NC_DMBB_merc_spellcaster_worn",
    "subtype": "collection",
    "items": [
      { "item": "socks" },
      { "item": "tunic" },
      { "item": "long_underpants" },
      { "item": "undershirt" },
      { "item": "slippers" },
      { "item": "robe" }
    ]
  },
  {
    "type": "item_group",
    "id": "NC_DMBB_merc_cleric_carry",
    "subtype": "collection",
    "entries": [ { "item": "dmbb_cleric_heal_i", "count": 20 } ]
  },
  {
    "type": "item_group",
    "id": "NC_DMBB_merc_cleric_wield",
    "subtype": "collection",
    "entries": [ { "item": "dmbb_cleric_staff" } ]
  },
  {
    "type": "item_group",
    "id": "NC_DMBB_merc_priest_wield",
    "subtype": "collection",
    "entries": [ { "item": "dmbb_priest_staff" } ]
  }
]
