[
  {
    "type": "npc_class",
    "id": "NC_DMBB_ORB",
    "name": { "str": "Orb" },
    "job_description": "I am orb. Touch me and I explode.",
    "traits": [ [ "DMBB_ORB", 100 ], [ "NOPAIN", 100 ] ],
    "worn_override": "NC_DMBB_ORB_worn",
    "carry_override": "EMPTY_GROUP",
    "weapon_override": "NC_DMBB_ORB_weapon",
    "skills": [ { "skill": "dodge", "bonus": { "rng": [ 6969, 9696 ] } } ],
    "common": false
  },
  {
    "note": "Everyone is near-sighted. This'll make them fight without panicking.",
    "type": "npc_class",
    "id": "NC_DMBB_merc_knight",
    "name": { "str": "Knight" },
    "job_description": "I am here to fend off incoming waves.",
    "common": false,
    "bonus_str": { "rng": [ 4, 6 ] },
    "bonus_dex": { "rng": [ 0, 1 ] },
    "bonus_int": { "rng": [ -1, 0 ] },
    "bonus_per": { "rng": [ 0, 1 ] },
    "skills": [
      { "skill": "dodge", "level": { "dice": [ 2, 4 ] } },
      { "skill": "melee", "level": { "dice": [ 2, 4 ] } },
      { "skill": "cutting", "level": { "dice": [ 2, 3 ] } },
      { "skill": "bashing", "level": { "dice": [ 1, 2 ] } },
      { "skill": "stabbing", "level": { "dice": [ 1, 2 ] } }
    ],
    "worn_override": "NC_DMBB_merc_knight_worn",
    "carry_override": "EMPTY_GROUP",
    "weapon_override": "NC_DMBB_merc_knight_wield",
    "traits": [ [ "MYOPIC", 100 ] ]
  },
  {
    "type": "npc_class",
    "id": "NC_DMBB_merc_berserker",
    "name": { "str": "Berserker" },
    "job_description": "I am here to fend off incoming waves.",
    "common": false,
    "bonus_str": { "rng": [ 3, 5 ] },
    "bonus_dex": { "rng": [ 2, 3 ] },
    "bonus_int": { "rng": [ -3, -2 ] },
    "bonus_per": { "rng": [ 0, 1 ] },
    "skills": [
      { "skill": "dodge", "level": { "dice": [ 3, 4 ] } },
      { "skill": "melee", "level": { "dice": [ 3, 5 ] } },
      { "skill": "unarmed", "level": { "dice": [ 4, 6 ] } }
    ],
    "worn_override": "NC_DMBB_merc_berserker_worn",
    "carry_override": "EMPTY_GROUP",
    "weapon_override": "EMPTY_GROUP",
    "traits": [ [ "MYOPIC", 100 ], [ "DMBB_ORB_BERSERKER_will", 100 ] ]
  },
  {
    "type": "npc_class",
    "id": "NC_DMBB_merc_mutant",
    "name": { "str": "Mutant" },
    "job_description": "I am here to fend off incoming waves.",
    "common": false,
    "bonus_str": { "rng": [ 5, 7 ] },
    "bonus_dex": { "rng": [ 1, 3 ] },
    "bonus_int": { "rng": [ -4, -2 ] },
    "bonus_per": { "rng": [ 0, 2 ] },
    "skills": [
      { "skill": "dodge", "level": { "dice": [ 3, 5 ] } },
      { "skill": "melee", "level": { "dice": [ 3, 6 ] } },
      { "skill": "unarmed", "level": { "dice": [ 4, 6 ] } }
    ],
    "worn_override": "EMPTY_GROUP",
    "carry_override": "EMPTY_GROUP",
    "weapon_override": "EMPTY_GROUP",
    "traits": [
      [ "MYOPIC", 100 ],
      [ "THRESH_LUPINE", 100 ],
      [ "PRED3", 100 ],
      [ "MUT_TOUGH", 100 ],
      [ "GOODCARDIO", 100 ],
      [ "GOURMAND", 100 ],
      [ "HEAVYSLEEPER", 100 ],
      [ "SMELLY", 100 ],
      [ "ANIMALDISCORD", 100 ],
      [ "NIGHTVISION2", 100 ],
      [ "FANGS", 100 ],
      [ "LUPINE_FUR", 100 ],
      [ "PADDED_FEET", 100 ],
      [ "TAIL_FLUFFY", 100 ],
      [ "LUPINE_EARS", 100 ],
      [ "STR_UP_3", 100 ],
      [ "PALE", 100 ],
      [ "MUZZLE", 100 ],
      [ "PAWS", 100 ],
      [ "CLAWS", 100 ],
      [ "GROWL", 100 ],
      [ "SHOUT3", 100 ]
    ]
  },
  {
    "type": "npc_class",
    "id": "NC_DMBB_merc_ranger",
    "name": { "str": "Ranger" },
    "job_description": "I am here to fend off incoming waves.",
    "common": false,
    "bonus_str": { "rng": [ 2, 3 ] },
    "bonus_dex": { "rng": [ 2, 4 ] },
    "bonus_int": { "rng": [ 1, 2 ] },
    "bonus_per": { "rng": [ 6, 12 ] },
    "skills": [
      { "skill": "dodge", "level": { "dice": [ 3, 5 ] } },
      { "skill": "melee", "level": { "dice": [ 1, 1 ] } },
      { "skill": "cutting", "level": { "dice": [ 1, 1 ] } },
      { "skill": "bashing", "level": { "dice": [ 1, 1 ] } },
      { "skill": "archery", "level": { "dice": [ 3, 5 ] } }
    ],
    "worn_override": "NC_DMBB_merc_ranger_worn",
    "carry_override": "EMPTY_GROUP",
    "weapon_override": "NC_DMBB_merc_ranger_wield",
    "traits": [ [ "MYOPIC", 100 ] ]
  },
  {
    "type": "npc_class",
    "id": "NC_DMBB_merc_bard",
    "name": { "str": "Bard" },
    "job_description": "I am here to aid you against incoming waves.",
    "common": false,
    "bonus_str": { "rng": [ -2, -1 ] },
    "bonus_dex": { "rng": [ 1, 2 ] },
    "bonus_int": { "rng": [ 2, 3 ] },
    "bonus_per": { "rng": [ 1, 3 ] },
    "skills": [
      { "skill": "dodge", "level": { "dice": [ 2, 3 ] } },
      { "skill": "melee", "level": { "dice": [ 1, 2 ] } },
      { "skill": "bashing", "level": { "dice": [ 1, 2 ] } }
    ],
    "worn_override": "NC_DMBB_merc_bard_worn",
    "carry_override": "EMPTY_GROUP",
    "weapon_override": "NC_DMBB_merc_bard_wield",
    "traits": [ [ "MYOPIC", 100 ] ]
  },
  {
    "type": "npc_class",
    "id": "NC_DMBB_merc_mage",
    "name": { "str": "Mage" },
    "job_description": "I am here to fend off incoming waves.",
    "common": false,
    "bonus_str": { "rng": [ -3, -2 ] },
    "bonus_dex": { "rng": [ 0, 1 ] },
    "bonus_int": { "rng": [ 3, 6 ] },
    "bonus_per": { "rng": [ 1, 3 ] },
    "skills": [ { "skill": "dodge", "level": { "dice": [ 1, 2 ] } }, { "skill": "spellcraft", "level": { "dice": [ 6, 10 ] } } ],
    "worn_override": "NC_DMBB_merc_spellcaster_worn",
    "carry_override": "EMPTY_GROUP",
    "weapon_override": "EMPTY_GROUP",
    "traits": [ [ "MYOPIC", 100 ] ]
  },
  {
    "type": "npc_class",
    "id": "NC_DMBB_merc_cleric",
    "name": { "str": "Cleric" },
    "job_description": "I am here aid you against incoming waves.",
    "common": false,
    "bonus_str": { "rng": [ -3, -2 ] },
    "bonus_dex": { "rng": [ 0, 1 ] },
    "bonus_int": { "rng": [ 3, 6 ] },
    "bonus_per": { "rng": [ 1, 3 ] },
    "skills": [ { "skill": "dodge", "level": { "dice": [ 1, 2 ] } }, { "skill": "spellcraft", "level": { "dice": [ 4, 6 ] } } ],
    "worn_override": "NC_DMBB_merc_healer_worn",
    "carry_override": "EMPTY_GROUP",
    "weapon_override": "NC_DMBB_merc_cleric_wield",
    "traits": [ [ "MYOPIC", 100 ] ]
  },
  {
    "type": "npc_class",
    "id": "NC_DMBB_merc_priest",
    "name": { "str": "Priest" },
    "job_description": "I am here to aid you against incoming waves.",
    "common": false,
    "bonus_str": { "rng": [ -3, -2 ] },
    "bonus_dex": { "rng": [ 0, 1 ] },
    "bonus_int": { "rng": [ 3, 6 ] },
    "bonus_per": { "rng": [ 1, 3 ] },
    "skills": [ { "skill": "dodge", "level": { "dice": [ 1, 2 ] } }, { "skill": "spellcraft", "level": { "dice": [ 4, 6 ] } } ],
    "worn_override": "NC_DMBB_merc_healer_worn",
    "carry_override": "EMPTY_GROUP",
    "weapon_override": "NC_DMBB_merc_priest_wield",
    "traits": [ [ "MYOPIC", 100 ] ]
  }
]
