[
  {
    "id": "TALK_DMBB_ORB",
    "type": "talk_topic",
    "dynamic_line": {
      "u_has_var": "dmbb_orb",
      "type": "general",
      "context": "intro",
      "value": "yes",
      "no": "*is hovering. It looks lifeless.",
      "yes": {
        "u_has_var": "dmbb_orb",
        "type": "general",
        "context": "in_combat",
        "value": "yes",
        "no": "*is shimmering brightly.",
        "yes": {
          "npc_has_effect": "dmbb_enemycheck",
          "no": "*hovers calmly.",
          "yes": {
            "u_has_effect": "dmbb_timelimit",
            "no": "*is sensing monsters. Slay the remaining monsters to complete the wave.",
            "yes": "*is trembling violently!"
          }
        }
      }
    },
    "responses": [
      {
        "text": "*Examine the orb*",
        "topic": "TALK_DMBB_ORB_intro",
        "condition": { "not": { "u_has_var": "dmbb_orb", "type": "general", "context": "intro", "value": "yes" } },
        "effect": { "u_add_var": "dmbb_orb", "type": "general", "context": "intro", "value": "yes" }
      },
      {
        "text": "*Touch it*",
        "topic": "TALK_DMBB_ORB_command",
        "condition": {
          "and": [
            { "u_has_var": "dmbb_orb", "type": "general", "context": "intro", "value": "yes" },
            { "not": { "u_has_var": "dmbb_orb", "type": "general", "context": "in_combat", "value": "yes" } },
            { "not": { "u_has_effect": "blind" } }
          ]
        }
      },
      {
        "text": "*Touch it*",
        "topic": "TALK_DMBB_ORB_command_endwave",
        "condition": {
          "and": [
            { "u_has_var": "dmbb_orb", "type": "general", "context": "in_combat", "value": "yes" },
            { "not": { "u_has_effect": "dmbb_timelimit" } },
            { "not": { "npc_has_effect": "dmbb_enemycheck" } }
          ]
        },
        "effect": [
          { "u_lose_effect": "dmbb_act_blindingflash_cd" },
          { "u_lose_effect": "dmbb_act_shockstorm_cd" },
          { "u_lose_effect": "dmbb_act_inferno_cd" },
          { "u_lose_effect": "dmbb_act_blizzard_cd" },
          { "u_lose_effect": "dmbb_act_barrier_cd" },
          { "u_lose_effect": "dmbb_act_judgment_cd" },
          { "mapgen_update": "dmbb_orb_barrier_clear", "om_terrain": "dmbb_arena_5", "om_special": "DMBB Arena" }
        ]
      },
      {
        "text": "*ACTIVE abilities*",
        "topic": "TALK_DMBB_ORB_spellcast",
        "condition": {
          "and": [
            {
              "or": [
                { "npc_has_trait": "DMBB_ORB_stunner" },
                { "npc_has_trait": "DMBB_ORB_shockstorm" },
                { "npc_has_trait": "DMBB_ORB_inferno" },
                { "npc_has_trait": "DMBB_ORB_blizzard" },
                { "npc_has_trait": "DMBB_ORB_barrier" },
                { "npc_has_trait": "DMBB_ORB_judgment" }
              ]
            },
            { "u_has_effect": "dmbb_timelimit" }
          ]
        }
      },
      {
        "text": "[DEBUG] Force End Wave!",
        "topic": "TALK_DMBB_ORB_command_endwave",
        "condition": { "and": [ { "u_has_trait": "DMBB_ORB_DEBUG" }, { "u_has_effect": "dmbb_timelimit" } ] },
        "effect": { "u_lose_effect": "dmbb_timelimit" }
      },
      {
        "text": "[DEBUG] Skip Basic Waves!",
        "topic": "TALK_DMBB_ORB_command_endwave",
        "condition": {
          "and": [
            { "u_has_trait": "DMBB_ORB_DEBUG" },
            { "not": { "u_has_var": "dmbb_orb", "type": "bosswave2", "context": "finish", "value": "yes" } }
          ]
        },
        "effect": [
          { "u_add_var": "dmbb_orb", "type": "wave1", "context": "finish", "value": "yes" },
          { "u_add_var": "dmbb_orb", "type": "wave2", "context": "finish", "value": "yes" },
          { "u_add_var": "dmbb_orb", "type": "wave3", "context": "finish", "value": "yes" },
          { "u_add_var": "dmbb_orb", "type": "wave4", "context": "finish", "value": "yes" },
          { "u_add_var": "dmbb_orb", "type": "wave5", "context": "finish", "value": "yes" },
          { "u_add_var": "dmbb_orb", "type": "wave6", "context": "finish", "value": "yes" },
          { "u_add_var": "dmbb_orb", "type": "wave7", "context": "finish", "value": "yes" },
          { "u_add_var": "dmbb_orb", "type": "wave8", "context": "finish", "value": "yes" },
          { "u_add_var": "dmbb_orb", "type": "wave9", "context": "finish", "value": "yes" },
          { "u_add_var": "dmbb_orb", "type": "wave10", "context": "finish", "value": "yes" },
          { "u_add_var": "dmbb_orb", "type": "bosswave1", "context": "finish", "value": "yes" },
          { "u_add_var": "dmbb_orb", "type": "wave11", "context": "finish", "value": "yes" },
          { "u_add_var": "dmbb_orb", "type": "wave12", "context": "finish", "value": "yes" },
          { "u_add_var": "dmbb_orb", "type": "wave13", "context": "finish", "value": "yes" },
          { "u_add_var": "dmbb_orb", "type": "wave14", "context": "finish", "value": "yes" },
          { "u_add_var": "dmbb_orb", "type": "wave15", "context": "finish", "value": "yes" },
          { "u_add_var": "dmbb_orb", "type": "wave16", "context": "finish", "value": "yes" },
          { "u_add_var": "dmbb_orb", "type": "wave17", "context": "finish", "value": "yes" },
          { "u_add_var": "dmbb_orb", "type": "wave18", "context": "finish", "value": "yes" },
          { "u_add_var": "dmbb_orb", "type": "wave19", "context": "finish", "value": "yes" },
          { "u_add_var": "dmbb_orb", "type": "wave20", "context": "finish", "value": "yes" },
          { "u_add_var": "dmbb_orb", "type": "bosswave2", "context": "finish", "value": "yes" }
        ]
      },
      { "text": "*Leave*", "topic": "TALK_DONE" }
    ]
  },
  {
    "id": "TALK_DMBB_ORB_intro",
    "type": "talk_topic",
    "dynamic_line": "*shimmers as you take a look at it, then it gets brighter, and brighter. You suddenly felt stronger as the orb hovers lively mid-air.\n\nA portal opens up, dropping some items into the floor.",
    "responses": [
      {
        "text": "*Take the items*",
        "topic": "TALK_DMBB_ORB_intro_starter",
        "opinion": { "trust": 69420, "fear": -69420, "anger": -69420, "value": 69420 },
        "effect": [
          { "npc_add_trait": "DMBB_ORB_START" },
          { "u_add_trait": "DMBB_ORB_START_pledge" },
          { "u_buy_item": "dmbb_locket" },
          { "u_buy_item": "dmbb_essence", "count": 1500 },
          { "u_buy_item": "dmbb_light", "count": 2 },
          { "u_sell_item": "dmbb_light" },
          { "mapgen_update": "dmbb_orb_starter", "om_terrain": "dmbb_arena_5", "om_special": "DMBB Arena" }
        ]
      }
    ]
  },
  {
    "id": "TALK_DMBB_ORB_intro_starter",
    "type": "talk_topic",
    "dynamic_line": "*hovers in a slow pace.\n\n*Someone's voice*: \"Do you need someone else to help you in your objective? The orb has the power to call one.\"",
    "responses": [
      { "text": "[ACCEPT]", "topic": "TALK_DMBB_ORB_intro_starter_yes" },
      { "text": "[REFUSE]", "topic": "TALK_DMBB_ORB_intro_starter_no" }
    ]
  },
  {
    "id": "TALK_DMBB_ORB_intro_starter_no",
    "type": "talk_topic",
    "dynamic_line": "*pulsates a darker hue in response.\n\n*Someone's voice*: \"It seems like you want a challenge. Well then...\"",
    "responses": [ { "text": "*Leave*", "topic": "TALK_DONE" } ]
  },
  {
    "id": "TALK_DMBB_ORB_intro_starter_yes",
    "type": "talk_topic",
    "dynamic_line": {
      "and": [
        "*can send a class from this list:",
        {
          "u_has_var": "dmbb_orb",
          "type": "knight",
          "context": "called",
          "value": "yes",
          "no": "\n\n* Knight\nA strong swordsman clad in heavy armor."
        },
        {
          "u_has_var": "dmbb_orb",
          "type": "berserker",
          "context": "called",
          "value": "yes",
          "no": "\n\n* Berserker\nAn unarmed brawler skilled in striking heavy blows."
        },
        {
          "u_has_var": "dmbb_orb",
          "type": "ranger",
          "context": "called",
          "value": "yes",
          "no": "\n\n* Ranger\nA nimble archer that excels in ranged attacks."
        },
        {
          "u_has_var": "dmbb_orb",
          "type": "bard",
          "context": "called",
          "value": "yes",
          "no": "\n\n* Bard\nA musician who supports allies by playing."
        },
        {
          "u_has_var": "dmbb_orb",
          "type": "mage",
          "context": "called",
          "value": "yes",
          "no": "\n\n* Mage\nA wise conjurer who casts a variety of combat spells."
        },
        {
          "u_has_var": "dmbb_orb",
          "type": "cleric",
          "context": "called",
          "value": "yes",
          "no": "\n\n* Cleric\nA divine sage who casts support spells."
        },
        {
          "u_has_var": "dmbb_orb",
          "type": "priest",
          "context": "called",
          "value": "yes",
          "no": "\n\n* Priest\nA holy saint focused on casting healing spells."
        }
      ]
    },
    "responses": [
      {
        "text": "[RECRUIT] Knight",
        "topic": "TALK_DMBB_ORB_intro_starter_done",
        "effect": [
          { "u_add_var": "dmbb_orb", "type": "knight", "context": "called", "value": "yes" },
          { "u_buy_item": "dmbb_act_summon_merc_knight" }
        ]
      },
      {
        "text": "[RECRUIT] Berserker",
        "topic": "TALK_DMBB_ORB_intro_starter_done",
        "effect": [
          { "u_add_var": "dmbb_orb", "type": "berserker", "context": "called", "value": "yes" },
          { "u_buy_item": "dmbb_act_summon_merc_berserker" }
        ]
      },
      {
        "text": "[RECRUIT] Ranger",
        "topic": "TALK_DMBB_ORB_intro_starter_done",
        "effect": [
          { "u_add_var": "dmbb_orb", "type": "ranger", "context": "called", "value": "yes" },
          { "u_buy_item": "dmbb_act_summon_merc_ranger" }
        ]
      },
      {
        "text": "[RECRUIT] Bard",
        "topic": "TALK_DMBB_ORB_intro_starter_done",
        "effect": [
          { "u_add_var": "dmbb_orb", "type": "bard", "context": "called", "value": "yes" },
          { "u_buy_item": "dmbb_act_summon_merc_bard" }
        ]
      },
      {
        "text": "[RECRUIT] Mage",
        "topic": "TALK_DMBB_ORB_intro_starter_done",
        "effect": [
          { "u_add_var": "dmbb_orb", "type": "mage", "context": "called", "value": "yes" },
          { "u_buy_item": "dmbb_act_summon_merc_mage" }
        ]
      },
      {
        "text": "[RECRUIT] Cleric",
        "topic": "TALK_DMBB_ORB_intro_starter_done",
        "effect": [
          { "u_add_var": "dmbb_orb", "type": "cleric", "context": "called", "value": "yes" },
          { "u_buy_item": "dmbb_act_summon_merc_cleric" }
        ]
      },
      {
        "text": "[RECRUIT] Priest",
        "topic": "TALK_DMBB_ORB_intro_starter_done",
        "effect": [
          { "u_add_var": "dmbb_orb", "type": "priest", "context": "called", "value": "yes" },
          { "u_buy_item": "dmbb_act_summon_merc_priest" }
        ]
      }
    ]
  },
  {
    "id": "TALK_DMBB_ORB_intro_starter_done",
    "type": "talk_topic",
    "dynamic_line": "*pauses as it shimmers brightly. Eventually, a shard blessed with summoning spell were handed over to you.\n\nThe orb's light dims a bit after the process.",
    "responses": [ { "text": "*Leave*", "topic": "TALK_DONE" } ]
  }
]
