[
  {
    "id": [
      "TALK_DMBB_MERC_generic_greet",
      "TALK_DMBB_MERC_KNIGHT",
      "TALK_DMBB_MERC_BERSERKER",
      "TALK_DMBB_MERC_MUTANT",
      "TALK_DMBB_MERC_RANGER",
      "TALK_DMBB_MERC_BARD",
      "TALK_DMBB_MERC_MAGE",
      "TALK_DMBB_MERC_CLERIC",
      "TALK_DMBB_MERC_PRIEST"
    ],
    "type": "talk_topic",
    "dynamic_line": "Hemlo.",
    "responses": [ { "text": "Welcome to my party, <name_g>.", "topic": "TALK_DONE", "effect": "follow" } ]
  },
  {
    "id": "TALK_DMBB_MERC_KNIGHT",
    "type": "talk_topic",
    "dynamic_line": "Greetings, <name_g>. So you've requested my aid. Very well, then."
  },
  {
    "id": "TALK_DMBB_MERC_BERSERKER",
    "type": "talk_topic",
    "dynamic_line": "I'm in for some action, <name_g>!"
  },
  {
    "id": "TALK_DMBB_MERC_MUTANT",
    "type": "talk_topic",
    "dynamic_line": "*- a werewolf of some sort - is eager for your orders."
  },
  {
    "id": "TALK_DMBB_MERC_RANGER",
    "type": "talk_topic",
    "dynamic_line": "You needed my aid for battle? I'll be glad to help you on that, <name_g>."
  },
  {
    "id": "TALK_DMBB_MERC_BARD",
    "type": "talk_topic",
    "dynamic_line": "You need me in your quest, <name_g>? Alright then!"
  },
  {
    "id": "TALK_DMBB_MERC_MAGE",
    "type": "talk_topic",
    "dynamic_line": "Sentinel, you have requested my aid, and I accept. Together, we shall purge those unearthly abominations."
  },
  {
    "id": "TALK_DMBB_MERC_CLERIC",
    "type": "talk_topic",
    "dynamic_line": "Ah! So you're the one who sent me. Very well. I'll be on your side."
  },
  {
    "id": "TALK_DMBB_MERC_PRIEST",
    "type": "talk_topic",
    "dynamic_line": "A pleasure to meet you, sentinel. May the Lord bless us in our path."
  }
]
