{
    "id": "TALK_DMBB_ORB_command_turret",
    "type": "talk_topic",
    "dynamic_line": "*requires 300 essense to build a turret of any available elemental type. Upgrading a turret costs 150 essence, and further upgrades increases this by 100%. Upgrading requires an existing (and correct elemental type and level of) turret on the map.",
    "responses": [
      {
        "text": "[BUILD] Turret - Electric",
        "topic": "TALK_DMBB_ORB_command_turret",
        "condition": {
          "and": [
            { "u_has_items": { "item": "dmbb_essence", "count": 300 } },
            { "u_has_var": "dmbb_orb", "type": "research", "context": "turret_shock1", "value": "yes" }
          ]
        },
        "effect": [
          { "u_sell_item": "dmbb_essence", "count": 300 },
          { "npc_consume_item": "dmbb_essence", "count": 300 },
          { "u_buy_item": "dmbb_act_build_shock1" }
        ]
      },
      {
        "text": "[UPGRADE] Turret - Electric\n=> Turret - Electric+",
        "topic": "TALK_DMBB_ORB_command_turret",
        "condition": {
          "and": [
            { "u_has_items": { "item": "dmbb_essence", "count": 150 } },
            { "u_has_var": "dmbb_orb", "type": "research", "context": "turret_shock1", "value": "yes" },
            { "u_has_var": "dmbb_orb", "type": "research", "context": "turret_shock2", "value": "yes" }
          ]
        },
        "effect": [
          { "u_sell_item": "dmbb_essence", "count": 150 },
          { "npc_consume_item": "dmbb_essence", "count": 150 },
          { "u_buy_item": "dmbb_act_shock1_up" }
        ]
      },
      {
        "text": "[UPGRADE] Turret - Electric+\n=> Turret - Electric (shock)",
        "topic": "TALK_DMBB_ORB_command_turret",
        "condition": {
          "and": [
            { "u_has_items": { "item": "dmbb_essence", "count": 300 } },
            { "u_has_var": "dmbb_orb", "type": "research", "context": "turret_shock2", "value": "yes" },
            { "u_has_var": "dmbb_orb", "type": "research", "context": "turret_shock_er", "value": "yes" }
          ]
        },
        "effect": [
          { "u_sell_item": "dmbb_essence", "count": 300 },
          { "npc_consume_item": "dmbb_essence", "count": 300 },
          { "u_buy_item": "dmbb_act_shock2_up_er" }
        ]
      },
      {
        "text": "[UPGRADE] Turret - Electric+\n=> Turret - Electric (tesla)",
        "topic": "TALK_DMBB_ORB_command_turret",
        "condition": {
          "and": [
            { "u_has_items": { "item": "dmbb_essence", "count": 300 } },
            { "u_has_var": "dmbb_orb", "type": "research", "context": "turret_shock2", "value": "yes" },
            { "u_has_var": "dmbb_orb", "type": "research", "context": "turret_shock_tesla", "value": "yes" }
          ]
        },
        "effect": [
          { "u_sell_item": "dmbb_essence", "count": 300 },
          { "npc_consume_item": "dmbb_essence", "count": 300 },
          { "u_buy_item": "dmbb_act_shock2_up_tesla" }
        ]
      },
      {
        "text": "[BUILD] Turret - Fire",
        "topic": "TALK_DMBB_ORB_command_turret",
        "condition": {
          "and": [
            { "u_has_items": { "item": "dmbb_essence", "count": 300 } },
            { "u_has_var": "dmbb_orb", "type": "research", "context": "turret_fire1", "value": "yes" }
          ]
        },
        "effect": [
          { "u_sell_item": "dmbb_essence", "count": 300 },
          { "npc_consume_item": "dmbb_essence", "count": 300 },
          { "u_buy_item": "dmbb_act_build_fire1" }
        ]
      },
      {
        "text": "[UPGRADE] Turret - Fire\n=> Turret - Fire+",
        "topic": "TALK_DMBB_ORB_command_turret",
        "condition": {
          "and": [
            { "u_has_items": { "item": "dmbb_essence", "count": 150 } },
            { "u_has_var": "dmbb_orb", "type": "research", "context": "turret_fire1", "value": "yes" },
            { "u_has_var": "dmbb_orb", "type": "research", "context": "turret_fire2", "value": "yes" }
          ]
        },
        "effect": [
          { "u_sell_item": "dmbb_essence", "count": 150 },
          { "npc_consume_item": "dmbb_essence", "count": 150 },
          { "u_buy_item": "dmbb_act_fire1_up" }
        ]
      },
      {
        "text": "[UPGRADE] Turret - Fire+\n=> Turret - Fire (pyro)",
        "topic": "TALK_DMBB_ORB_command_turret",
        "condition": {
          "and": [
            { "u_has_items": { "item": "dmbb_essence", "count": 300 } },
            { "u_has_var": "dmbb_orb", "type": "research", "context": "turret_fire2", "value": "yes" },
            { "u_has_var": "dmbb_orb", "type": "research", "context": "turret_fire_pyro", "value": "yes" }
          ]
        },
        "effect": [
          { "u_sell_item": "dmbb_essence", "count": 300 },
          { "npc_consume_item": "dmbb_essence", "count": 300 },
          { "u_buy_item": "dmbb_act_fire2_up_pyro" }
        ]
      },
      {
        "text": "[UPGRADE] Turret - Fire+\n=> Turret - Fire (scorch)",
        "topic": "TALK_DMBB_ORB_command_turret",
        "condition": {
          "and": [
            { "u_has_items": { "item": "dmbb_essence", "count": 300 } },
            { "u_has_var": "dmbb_orb", "type": "research", "context": "turret_fire2", "value": "yes" },
            { "u_has_var": "dmbb_orb", "type": "research", "context": "turret_fire_scorch", "value": "yes" }
          ]
        },
        "effect": [
          { "u_sell_item": "dmbb_essence", "count": 300 },
          { "npc_consume_item": "dmbb_essence", "count": 300 },
          { "u_buy_item": "dmbb_act_fire2_up_scorch" }
        ]
      },
      {
        "text": "[BUILD] Turret - Ice",
        "topic": "TALK_DMBB_ORB_command_turret",
        "condition": {
          "and": [
            { "u_has_items": { "item": "dmbb_essence", "count": 300 } },
            { "u_has_var": "dmbb_orb", "type": "research", "context": "turret_ice1", "value": "yes" }
          ]
        },
        "effect": [
          { "u_sell_item": "dmbb_essence", "count": 300 },
          { "npc_consume_item": "dmbb_essence", "count": 300 },
          { "u_buy_item": "dmbb_act_build_ice1" }
        ]
      },
      {
        "text": "[UPGRADE] Turret - Ice\n=> Turret - Ice+",
        "topic": "TALK_DMBB_ORB_command_turret",
        "condition": {
          "and": [
            { "u_has_items": { "item": "dmbb_essence", "count": 150 } },
            { "u_has_var": "dmbb_orb", "type": "research", "context": "turret_ice1", "value": "yes" },
            { "u_has_var": "dmbb_orb", "type": "research", "context": "turret_ice2", "value": "yes" }
          ]
        },
        "effect": [
          { "u_sell_item": "dmbb_essence", "count": 150 },
          { "npc_consume_item": "dmbb_essence", "count": 150 },
          { "u_buy_item": "dmbb_act_ice1_up" }
        ]
      },
      {
        "text": "[UPGRADE] Turret - Ice+\n=> Turret - Ice (frost)",
        "topic": "TALK_DMBB_ORB_command_turret",
        "condition": {
          "and": [
            { "u_has_items": { "item": "dmbb_essence", "count": 300 } },
            { "u_has_var": "dmbb_orb", "type": "research", "context": "turret_ice2", "value": "yes" },
            { "u_has_var": "dmbb_orb", "type": "research", "context": "turret_ice_frost", "value": "yes" }
          ]
        },
        "effect": [
          { "u_sell_item": "dmbb_essence", "count": 300 },
          { "npc_consume_item": "dmbb_essence", "count": 300 },
          { "u_buy_item": "dmbb_act_ice2_up_frost" }
        ]
      },
      {
        "text": "[UPGRADE] Turret - Ice+\n=> Turret - Ice (icicle)",
        "topic": "TALK_DMBB_ORB_command_turret",
        "condition": {
          "and": [
            { "u_has_items": { "item": "dmbb_essence", "count": 300 } },
            { "u_has_var": "dmbb_orb", "type": "research", "context": "turret_ice2", "value": "yes" },
            { "u_has_var": "dmbb_orb", "type": "research", "context": "turret_ice_icicle", "value": "yes" }
          ]
        },
        "effect": [
          { "u_sell_item": "dmbb_essence", "count": 300 },
          { "npc_consume_item": "dmbb_essence", "count": 300 },
          { "u_buy_item": "dmbb_act_ice2_up_icicle" }
        ]
      },
      { "text": "< - - -", "topic": "TALK_DMBB_ORB_command" }
    ]
  }