{
    "id": "TALK_DMBB_ORB_command_create",
    "type": "talk_topic",
    "dynamic_line": {
      "and": [
        "*can create a shard blessed with certain abilities, which you can use in harsh situations.",
        {
          "npc_has_trait": "DMBB_ORB_cesheal",
          "yes": "\n\n*30 essence\nCelestial Healing\nMends/repairs the target, restoring 5 health points."
        },
        {
          "npc_has_trait": "DMBB_ORB_cesheal_plus",
          "yes": "\n\n*100 essence\nCelestial Healing+\nGreatly mends/repairs the target, restoring 20 health points."
        },
        {
          "npc_has_trait": "DMBB_ORB_cespure",
          "yes": "\n\n*20 essence\nCelestial Purification\nRemoves most debuffs from the target and grants immunity from them for 10 seconds."
        },
        {
          "npc_has_trait": "DMBB_ORB_cesward",
          "yes": "\n\n*40 essence\nCelestial Ward\nForms a field around you that blocks environmental hazards. Lasts for 3-5 minutes."
        }
      ]
    },
    "responses": [
      {
        "text": "[30 essence] Form a \"Celestial Healing\" shard.",
        "topic": "TALK_DMBB_ORB_command_create",
        "condition": { "and": [ { "npc_has_trait": "DMBB_ORB_cesheal" }, { "u_has_items": { "item": "dmbb_essence", "count": 30 } } ] },
        "effect": [
          { "u_sell_item": "dmbb_essence", "count": 30 },
          { "npc_consume_item": "dmbb_essence", "count": 30 },
          { "u_buy_item": "dmbb_act_cesheal", "count": 1 }
        ]
      },
      {
        "text": "[100 essence] Form a \"Celestial Healing+\" shard.",
        "topic": "TALK_DMBB_ORB_command_create",
        "condition": { "and": [ { "npc_has_trait": "DMBB_ORB_cesheal_plus" }, { "u_has_items": { "item": "dmbb_essence", "count": 100 } } ] },
        "effect": [
          { "u_sell_item": "dmbb_essence", "count": 100 },
          { "npc_consume_item": "dmbb_essence", "count": 100 },
          { "u_buy_item": "dmbb_act_cesheal_plus", "count": 1 }
        ]
      },
      {
        "text": "[20 essence] Form a \"Celestial Purification\" shard.",
        "topic": "TALK_DMBB_ORB_command_create",
        "condition": { "and": [ { "npc_has_trait": "DMBB_ORB_cespure" }, { "u_has_items": { "item": "dmbb_essence", "count": 20 } } ] },
        "effect": [
          { "u_sell_item": "dmbb_essence", "count": 20 },
          { "npc_consume_item": "dmbb_essence", "count": 20 },
          { "u_buy_item": "dmbb_act_cespure", "count": 1 }
        ]
      },
      {
        "text": "[40 essence] Form a \"Celestial Ward\" shard.",
        "topic": "TALK_DMBB_ORB_command_create",
        "condition": { "and": [ { "npc_has_trait": "DMBB_ORB_cesward" }, { "u_has_items": { "item": "dmbb_essence", "count": 40 } } ] },
        "effect": [
          { "u_sell_item": "dmbb_essence", "count": 40 },
          { "npc_consume_item": "dmbb_essence", "count": 40 },
          { "u_buy_item": "dmbb_act_cesward", "count": 1 }
        ]
      },
      { "text": "< - - -", "topic": "TALK_DMBB_ORB_command" }
    ]
  }