[
  {
    "id": "mon_dmbb_turret_shock1",
    "type": "MONSTER",
    "name": "turret",
    "description": "A magical turret adorned with undecipherable symbols. It has a distinct coil-barrel that projects electric arcs.",
    "default_faction": "bot",
    "species": [ "UNKNOWN" ],
    "volume": "20000 ml",
    "weight": "100 kg",
    "hp": 50,
    "speed": 100,
    "material": [ "stone" ],
    "symbol": "T",
    "color": "yellow",
    "aggression": 100,
    "morale": 100,
    "armor_bash": 5,
    "armor_cut": 5,
    "armor_stab": 5,
    "armor_bullet": 5,
    "vision_day": 50,
    "vision_night": 50,
    "harvest": "exempt",
    "special_attacks": [
      {
        "type": "spell",
        "spell_data": { "id": "mon_dmbb_turret_shock1_shock" },
        "cooldown": 4,
        "monster_message": "<color_yellow>%1$s shocks %3$s!</color>"
      }
    ],
    "death_function": [ "DISAPPEAR" ],
    "flags": [ "SEES", "HEARS", "SMELLS", "WARM", "POISON", "NO_BREATHE", "IMMOBILE", "PACIFIST", "ELECTRIC", "ACIDPROOF", "FIREPROOF", "COLDPROOF" ]
  },
  {
    "id": "mon_dmbb_turret_shock2",
    "type": "MONSTER",
    "name": "turret+",
    "description": "A magical turret adorned with undecipherable symbols that faintly shimmers in golden hue. It has a distinct coil-barrel that projects electric arcs.",
    "default_faction": "bot",
    "species": [ "UNKNOWN" ],
    "volume": "20000 ml",
    "weight": "100 kg",
    "hp": 100,
    "speed": 100,
    "material": [ "stone" ],
    "symbol": "T",
    "color": "yellow",
    "aggression": 100,
    "morale": 100,
    "armor_bash": 7,
    "armor_cut": 7,
    "armor_stab": 7,
    "armor_bullet": 7,
    "vision_day": 50,
    "vision_night": 50,
    "harvest": "exempt",
    "special_attacks": [
      {
        "type": "spell",
        "spell_data": { "id": "mon_dmbb_turret_shock2_shock" },
        "cooldown": 4,
        "monster_message": "<color_yellow>%1$s shocks %3$s!</color>"
      }
    ],
    "death_function": [ "DISAPPEAR" ],
    "flags": [ "SEES", "HEARS", "SMELLS", "WARM", "POISON", "NO_BREATHE", "IMMOBILE", "PACIFIST", "ELECTRIC", "ACIDPROOF", "FIREPROOF", "COLDPROOF" ]
  },
  {
    "id": "mon_dmbb_turret_shock_er",
    "type": "MONSTER",
    "name": "turret (shock)",
    "description": "A magical turret adorned with undecipherable symbols, shrouded in golden aura. Its larger coil-barrel generates stronger electric discharges that can reach at higher ranges.",
    "default_faction": "bot",
    "species": [ "UNKNOWN" ],
    "volume": "20000 ml",
    "weight": "100 kg",
    "hp": 125,
    "speed": 100,
    "material": [ "stone" ],
    "symbol": "T",
    "color": "yellow",
    "aggression": 100,
    "morale": 100,
    "armor_bash": 10,
    "armor_cut": 10,
    "armor_stab": 10,
    "armor_bullet": 10,
    "vision_day": 50,
    "vision_night": 50,
    "harvest": "exempt",
    "special_attacks": [
      {
        "type": "spell",
        "spell_data": { "id": "mon_dmbb_turret_shock_er_megashock" },
        "cooldown": 5,
        "monster_message": "<color_yellow>%1$s shocks %3$s!</color>"
      }
    ],
    "death_function": [ "DISAPPEAR" ],
    "flags": [ "SEES", "HEARS", "SMELLS", "WARM", "POISON", "NO_BREATHE", "IMMOBILE", "PACIFIST", "ELECTRIC", "ACIDPROOF", "FIREPROOF", "COLDPROOF" ]
  },
  {
    "id": "mon_dmbb_turret_shock_tesla",
    "type": "MONSTER",
    "name": "turret (tesla)",
    "description": "A magical turret adorned with undecipherable symbols, shrouded in golden aura. Its dense, upright coil discharges electricity in wide, yet limited AOE area.",
    "default_faction": "bot",
    "species": [ "UNKNOWN" ],
    "volume": "20000 ml",
    "weight": "100 kg",
    "hp": 125,
    "speed": 100,
    "material": [ "stone" ],
    "symbol": "T",
    "color": "yellow",
    "aggression": 100,
    "morale": 100,
    "armor_bash": 10,
    "armor_cut": 10,
    "armor_stab": 10,
    "armor_bullet": 10,
    "vision_day": 50,
    "vision_night": 50,
    "harvest": "exempt",
    "special_attacks": [
      {
        "type": "spell",
        "spell_data": { "id": "mon_dmbb_turret_shock_tesla_target" },
        "cooldown": 5,
        "monster_message": "<color_yellow>%1$s shocks %3$s!</color>"
      }
    ],
    "death_function": [ "DISAPPEAR" ],
    "flags": [ "SEES", "HEARS", "SMELLS", "WARM", "POISON", "NO_BREATHE", "IMMOBILE", "PACIFIST", "ELECTRIC", "ACIDPROOF", "FIREPROOF", "COLDPROOF" ]
  }
]