[
  {
    "id": "mon_dmbb_turret_fire1",
    "type": "MONSTER",
    "name": "turret",
    "description": "A magical turret adorned with undecipherable symbols. Blazing flames emerge from its wide barrel, eager to ignite anything in sight.",
    "default_faction": "bot",
    "species": [ "UNKNOWN" ],
    "volume": "20000 ml",
    "weight": "100 kg",
    "hp": 50,
    "speed": 100,
    "material": [ "stone" ],
    "symbol": "T",
    "color": "light_red",
    "aggression": 100,
    "morale": 100,
    "armor_bash": 5,
    "armor_cut": 5,
    "armor_stab": 5,
    "armor_bullet": 5,
    "vision_day": 50,
    "vision_night": 50,
    "harvest": "exempt",
    "special_attacks": [
      {
        "type": "spell",
        "spell_data": { "id": "mon_dmbb_turret_fire1_scorch" },
        "cooldown": 9,
        "monster_message": "<color_yellow>%1$s shoots a fireball at %3$s!</color>"
      }
    ],
    "death_function": [ "DISAPPEAR" ],
    "flags": [ "SEES", "HEARS", "SMELLS", "WARM", "POISON", "NO_BREATHE", "IMMOBILE", "PACIFIST", "ELECTRIC", "ACIDPROOF", "FIREPROOF", "COLDPROOF" ]
  },
  {
    "id": "mon_dmbb_turret_fire2",
    "type": "MONSTER",
    "name": "turret+",
    "description": "A magical turret adorned with undecipherable symbols that faintly shimmers in crimson hue. Blazing flames emerge from its wide barrel, eager to ignite anything in sight.",
    "default_faction": "bot",
    "species": [ "UNKNOWN" ],
    "volume": "20000 ml",
    "weight": "100 kg",
    "hp": 100,
    "speed": 100,
    "material": [ "stone" ],
    "symbol": "T",
    "color": "light_red",
    "aggression": 100,
    "morale": 100,
    "armor_bash": 7,
    "armor_cut": 7,
    "armor_stab": 7,
    "armor_bullet": 7,
    "vision_day": 50,
    "vision_night": 50,
    "harvest": "exempt",
    "special_attacks": [
      {
        "type": "spell",
        "spell_data": { "id": "mon_dmbb_turret_fire2_scorch" },
        "cooldown": 10,
        "monster_message": "<color_yellow>%1$s shoots a fireball at %3$s!</color>"
      }
    ],
    "death_function": [ "DISAPPEAR" ],
    "flags": [ "SEES", "HEARS", "SMELLS", "WARM", "POISON", "NO_BREATHE", "IMMOBILE", "PACIFIST", "ELECTRIC", "ACIDPROOF", "FIREPROOF", "COLDPROOF" ]
  },
  {
    "id": "mon_dmbb_turret_fire_pyro",
    "type": "MONSTER",
    "name": "turret (pyro)",
    "description": "A magical turret adorned with undecipherable symbols, shrouded in crimson aura. The wide gaping barrel shoots concentrated fireballs at its target.",
    "default_faction": "bot",
    "species": [ "UNKNOWN" ],
    "volume": "20000 ml",
    "weight": "100 kg",
    "hp": 125,
    "speed": 100,
    "material": [ "stone" ],
    "symbol": "T",
    "color": "light_red",
    "aggression": 100,
    "morale": 100,
    "armor_bash": 10,
    "armor_cut": 10,
    "armor_stab": 10,
    "armor_bullet": 10,
    "vision_day": 50,
    "vision_night": 50,
    "harvest": "exempt",
    "special_attacks": [
      {
        "type": "spell",
        "spell_data": { "id": "mon_dmbb_turret_fire_pyro_megascorch" },
        "cooldown": 9,
        "monster_message": "<color_yellow>%1$s shoots a large fireball at %3$s!</color>"
      }
    ],
    "death_function": [ "DISAPPEAR" ],
    "flags": [ "SEES", "HEARS", "SMELLS", "WARM", "POISON", "NO_BREATHE", "IMMOBILE", "PACIFIST", "ELECTRIC", "ACIDPROOF", "FIREPROOF", "COLDPROOF" ]
  },
  {
    "id": "mon_dmbb_turret_fire_scorch",
    "type": "MONSTER",
    "name": "turret (scorch)",
    "description": "A magical turret adorned with undecipherable symbols, shrouded in crimson aura. The scorching heat underneath its base allows the turret to project a spout of blazing fire",
    "default_faction": "bot",
    "species": [ "UNKNOWN" ],
    "volume": "20000 ml",
    "weight": "100 kg",
    "hp": 125,
    "speed": 100,
    "material": [ "stone" ],
    "symbol": "T",
    "color": "light_red",
    "aggression": 100,
    "morale": 100,
    "armor_bash": 10,
    "armor_cut": 10,
    "armor_stab": 10,
    "armor_bullet": 10,
    "vision_day": 50,
    "vision_night": 50,
    "harvest": "exempt",
    "special_attacks": [
      {
        "type": "spell",
        "spell_data": { "id": "mon_dmbb_turret_fire_scorch_hellfire" },
        "cooldown": 15,
        "monster_message": "<color_yellow>%1$s sends a wide stream of fire at %3$s!</color>"
      }
    ],
    "death_function": [ "DISAPPEAR" ],
    "flags": [ "SEES", "HEARS", "SMELLS", "WARM", "POISON", "NO_BREATHE", "IMMOBILE", "PACIFIST", "ELECTRIC", "ACIDPROOF", "FIREPROOF", "COLDPROOF" ]
  }
]