[
  {
    "id": "mon_dmbb_turret_ice1",
    "type": "MONSTER",
    "name": "turret",
    "description": "A magical turret adorned with undecipherable symbols. Emitting from its base is a cold air that accumulates, which will be sent onto its target.",
    "default_faction": "bot",
    "species": [ "UNKNOWN" ],
    "volume": "20000 ml",
    "weight": "100 kg",
    "hp": 50,
    "speed": 100,
    "material": [ "stone" ],
    "symbol": "T",
    "color": "cyan",
    "aggression": 100,
    "morale": 100,
    "armor_bash": 5,
    "armor_cut": 5,
    "armor_stab": 5,
    "armor_bullet": 5,
    "vision_day": 50,
    "vision_night": 50,
    "harvest": "exempt",
    "special_attacks": [
      {
        "type": "spell",
        "spell_data": { "id": "mon_dmbb_turret_ice1_frost" },
        "cooldown": 10,
        "monster_message": "<color_yellow>%1$s sprays a freezing wind at %3$s!</color>"
      }
    ],
    "death_function": [ "DISAPPEAR" ],
    "flags": [ "SEES", "HEARS", "SMELLS", "WARM", "POISON", "NO_BREATHE", "IMMOBILE", "PACIFIST", "ELECTRIC", "ACIDPROOF", "FIREPROOF", "COLDPROOF" ]
  },
  {
    "id": "mon_dmbb_turret_ice2",
    "type": "MONSTER",
    "name": "turret+",
    "description": "A magical turret adorned with undecipherable symbols that faintly shimmers in cyanide hue. Emitting from its base is a cold air that accumulates, which will be sent onto its target.",
    "default_faction": "bot",
    "species": [ "UNKNOWN" ],
    "volume": "20000 ml",
    "weight": "100 kg",
    "hp": 100,
    "speed": 100,
    "material": [ "stone" ],
    "symbol": "T",
    "color": "cyan",
    "aggression": 100,
    "morale": 100,
    "armor_bash": 7,
    "armor_cut": 7,
    "armor_stab": 7,
    "armor_bullet": 7,
    "vision_day": 50,
    "vision_night": 50,
    "harvest": "exempt",
    "special_attacks": [
      {
        "type": "spell",
        "spell_data": { "id": "mon_dmbb_turret_ice2_frost" },
        "cooldown": 10,
        "monster_message": "<color_yellow>%1$s sprays a freezing wind at %3$s!</color>"
      }
    ],
    "death_function": [ "DISAPPEAR" ],
    "flags": [ "SEES", "HEARS", "SMELLS", "WARM", "POISON", "NO_BREATHE", "IMMOBILE", "PACIFIST", "ELECTRIC", "ACIDPROOF", "FIREPROOF", "COLDPROOF" ]
  },
  {
    "id": "mon_dmbb_turret_ice_frost",
    "type": "MONSTER",
    "name": "turret (frost)",
    "description": "A magical turret adorned with undecipherable symbols, shrouded in cyanide aura. Its freezing emissions has greatly increased its effectiveness to all its target.",
    "default_faction": "bot",
    "species": [ "UNKNOWN" ],
    "volume": "20000 ml",
    "weight": "100 kg",
    "hp": 125,
    "speed": 100,
    "material": [ "stone" ],
    "symbol": "T",
    "color": "cyan",
    "aggression": 100,
    "morale": 100,
    "armor_bash": 10,
    "armor_cut": 10,
    "armor_stab": 10,
    "armor_bullet": 10,
    "vision_day": 50,
    "vision_night": 50,
    "harvest": "exempt",
    "special_attacks": [
      {
        "type": "spell",
        "spell_data": { "id": "mon_dmbb_turret_ice_frost_megafrost" },
        "cooldown": 12,
        "monster_message": "<color_yellow>%1$s sprays a freezing wind at %3$s!</color>"
      }
    ],
    "death_function": [ "DISAPPEAR" ],
    "flags": [ "SEES", "HEARS", "SMELLS", "WARM", "POISON", "NO_BREATHE", "IMMOBILE", "PACIFIST", "ELECTRIC", "ACIDPROOF", "FIREPROOF", "COLDPROOF" ]
  },
  {
    "id": "mon_dmbb_turret_ice_icicle",
    "type": "MONSTER",
    "name": "turret (icicle)",
    "description": "A magical turret adorned with undecipherable symbols, shrouded in cyanide aura. It has a pointed barrel that projects several frost spikes at its target.",
    "default_faction": "bot",
    "species": [ "UNKNOWN" ],
    "volume": "20000 ml",
    "weight": "100 kg",
    "hp": 125,
    "speed": 100,
    "material": [ "stone" ],
    "symbol": "T",
    "color": "cyan",
    "aggression": 100,
    "morale": 100,
    "armor_bash": 10,
    "armor_cut": 10,
    "armor_stab": 10,
    "armor_bullet": 10,
    "vision_day": 50,
    "vision_night": 50,
    "harvest": "exempt",
    "special_attacks": [
      {
        "type": "spell",
        "spell_data": { "id": "mon_dmbb_turret_ice_icicle_fspike_main" },
        "cooldown": 7,
        "monster_message": "<color_yellow>%1$s sprays a freezing wind at %3$s!</color>"
      }
    ],
    "death_function": [ "DISAPPEAR" ],
    "flags": [ "SEES", "HEARS", "SMELLS", "WARM", "POISON", "NO_BREATHE", "IMMOBILE", "PACIFIST", "ELECTRIC", "ACIDPROOF", "FIREPROOF", "COLDPROOF" ]
  }
]