[
  {
    "id": "mon_dmbb_bless_blindingflash",
    "type": "MONSTER",
    "name": "blessing",
    "description": "The metaphysical form of the orb's blessing. Will cast your spell afterwards.",
    "default_faction": "zombie",
    "species": [ "UNKNOWN" ],
    "volume": "0 L",
    "weight": "0 kg",
    "hp": 1,
    "speed": 100,
    "material": [ "stone" ],
    "emit_fields": [ "emit_dmbb_spawner_end" ],
    "symbol": "*",
    "color": "white",
    "aggression": 100,
    "morale": 100,
    "vision_day": 69,
    "vision_night": 69,
    "harvest": "exempt",
    "death_drops": "mon_dmbb_bless_blindingflash_dd",
    "death_function": [ "DISAPPEAR" ],
    "flags": [ "SEES", "HEARS", "SMELLS", "WARM", "POISON", "NO_BREATHE", "PACIFIST" ]
  },
  {
    "id": "mon_dmbb_bless_shockstorm",
    "type": "MONSTER",
    "name": "blessing",
    "description": "The metaphysical form of the orb's blessing. Will cast your spell afterwards.",
    "default_faction": "zombie",
    "species": [ "UNKNOWN" ],
    "volume": "0 L",
    "weight": "0 kg",
    "hp": 1,
    "speed": 100,
    "material": [ "stone" ],
    "emit_fields": [ "emit_dmbb_spawner_end" ],
    "symbol": "*",
    "color": "white",
    "aggression": 100,
    "morale": 100,
    "vision_day": 69,
    "vision_night": 69,
    "harvest": "exempt",
    "death_drops": "mon_dmbb_bless_shockstorm_dd",
    "death_function": [ "DISAPPEAR" ],
    "flags": [ "SEES", "HEARS", "SMELLS", "WARM", "POISON", "NO_BREATHE", "PACIFIST" ]
  },
  {
    "id": "mon_dmbb_bless_inferno",
    "type": "MONSTER",
    "name": "blessing",
    "description": "The metaphysical form of the orb's blessing. Will cast your spell afterwards.",
    "default_faction": "zombie",
    "species": [ "UNKNOWN" ],
    "volume": "0 L",
    "weight": "0 kg",
    "hp": 1,
    "speed": 100,
    "material": [ "stone" ],
    "emit_fields": [ "emit_dmbb_spawner_end" ],
    "symbol": "*",
    "color": "white",
    "aggression": 100,
    "morale": 100,
    "vision_day": 69,
    "vision_night": 69,
    "harvest": "exempt",
    "death_drops": "mon_dmbb_bless_inferno_dd",
    "death_function": [ "DISAPPEAR" ],
    "flags": [ "SEES", "HEARS", "SMELLS", "WARM", "POISON", "NO_BREATHE", "PACIFIST" ]
  },
  {
    "id": "mon_dmbb_bless_blizzard",
    "type": "MONSTER",
    "name": "blessing",
    "description": "The metaphysical form of the orb's blessing. Will cast your spell afterwards.",
    "default_faction": "zombie",
    "species": [ "UNKNOWN" ],
    "volume": "0 L",
    "weight": "0 kg",
    "hp": 1,
    "speed": 100,
    "material": [ "stone" ],
    "emit_fields": [ "emit_dmbb_spawner_end" ],
    "symbol": "*",
    "color": "white",
    "aggression": 100,
    "morale": 100,
    "vision_day": 69,
    "vision_night": 69,
    "harvest": "exempt",
    "death_drops": "mon_dmbb_bless_blizzard_dd",
    "death_function": [ "DISAPPEAR" ],
    "flags": [ "SEES", "HEARS", "SMELLS", "WARM", "POISON", "NO_BREATHE", "PACIFIST" ]
  },
  {
    "id": "mon_dmbb_bless_judgment",
    "type": "MONSTER",
    "name": "blessing",
    "description": "The metaphysical form of the orb's blessing. Will cast your spell afterwards.",
    "default_faction": "zombie",
    "species": [ "UNKNOWN" ],
    "volume": "0 L",
    "weight": "0 kg",
    "hp": 1,
    "speed": 100,
    "material": [ "stone" ],
    "emit_fields": [ "emit_dmbb_spawner_end" ],
    "symbol": "*",
    "color": "white",
    "aggression": 100,
    "morale": 100,
    "vision_day": 69,
    "vision_night": 69,
    "harvest": "exempt",
    "death_drops": "mon_dmbb_bless_judgment_dd",
    "death_function": [ "DISAPPEAR" ],
    "flags": [ "SEES", "HEARS", "SMELLS", "WARM", "POISON", "NO_BREATHE", "PACIFIST" ]
  }
]