[
  {
    "id": "DMBB_ORB_death",
    "type": "SPELL",
    "name": "Death",
    "description": "I die, you die.",
    "message": "<color_light_red>Your body starts to fade out from existence after failing to defend the orb...</color>",
    "flags": [ "SILENT", "RANDOM_TARGET" ],
    "valid_targets": [ "self" ],
    "effect": "target_attack",
    "effect_str": "mon_dmbb_orb_damaged",
    "affected_body_parts": [ "HEAD", "TORSO", "ARM_L", "ARM_R", "LEG_L", "LEG_R" ],
    "min_duration": 99999999
  },
  {
    "id": "DMBB_ORB_act_cesheal_heal",
    "type": "SPELL",
    "name": "Celestial Healing",
    "description": "Mends the target with celestial prowess.",
    "message": "<color_light_green>The orb pulsates as the shard shatters apart!</color>",
    "flags": [ "LOUD" ],
    "valid_targets": [ "hostile", "ally", "self" ],
    "effect": "target_attack",
    "effect_str": "mon_dmbb_orb_heal",
    "sound_type": "combat",
    "sound_ambient": true,
    "sound_id": "reload",
    "sound_variant": "thunder_sigil",
    "sound_description": "a zing!",
    "affected_body_parts": [ "HEAD", "TORSO", "ARM_L", "ARM_R", "LEG_L", "LEG_R" ],
    "min_range": 69,
    "min_duration": 1
  },
  {
    "id": "DMBB_ORB_act_cesheal_plus_heal",
    "type": "SPELL",
    "name": "Celestial Healing+",
    "description": "Greatly mends the target with celestial prowess.",
    "message": "<color_light_green>The orb pulsates as the shard shatters apart!</color>",
    "flags": [ "LOUD" ],
    "valid_targets": [ "hostile", "ally", "self" ],
    "effect": "target_attack",
    "effect_str": "mon_dmbb_orb_heal_plus",
    "sound_type": "combat",
    "sound_ambient": true,
    "sound_id": "reload",
    "sound_variant": "thunder_sigil",
    "sound_description": "a zing!",
    "affected_body_parts": [ "HEAD", "TORSO", "ARM_L", "ARM_R", "LEG_L", "LEG_R" ],
    "min_range": 69,
    "min_duration": 1
  },
  {
    "id": "DMBB_ORB_act_cespure_pure",
    "type": "SPELL",
    "name": "Celestial Purification",
    "description": "Removes most debuffs from the target with celestial prowess. Will ward further debuffs for 20 turns.",
    "message": "<color_light_green>The orb pulsates as the shard shatters apart!</color>",
    "flags": [ "LOUD" ],
    "valid_targets": [ "hostile", "ally", "self" ],
    "effect": "target_attack",
    "effect_str": "mon_dmbb_orb_pure_immune",
    "sound_type": "combat",
    "sound_ambient": true,
    "sound_id": "reload",
    "sound_variant": "thunder_sigil",
    "sound_description": "a zing!",
    "min_range": 69,
    "min_duration": 2000
  },
  {
    "id": "DMBB_ORB_act_blindingflash_stun",
    "type": "SPELL",
    "name": "Blinding Flash",
    "description": "Taste the light.",
    "message": "<color_light_green>The orb radiates blinding rays in all direction!</color>",
    "extra_effects": [ { "id": "DMBB_ORB_act_blindingflash_blind", "hit_self": true } ],
    "flags": [ "LOUD", "IGNORE_WALLS" ],
    "valid_targets": [ "hostile" ],
    "effect": "target_attack",
    "effect_str": "stunned",
    "sound_type": "combat",
    "sound_ambient": true,
    "sound_id": "reload",
    "sound_variant": "thunder_sigil",
    "sound_description": "a zing!",
    "targeted_monster_ids": [
      "mon_zombie",
      "mon_beekeeper",
      "mon_zombie_cop",
      "mon_zombie_fireman",
      "mon_zombie_hazmat",
      "mon_zombie_resort_dancer",
      "mon_zombie_resort_bouncer",
      "mon_zombie_resort_staff",
      "mon_zombie_rot",
      "mon_zombie_prisoner",
      "mon_zombie_grabber",
      "mon_zombie_runner",
      "mon_zombie_shady",
      "mon_zombie_shrieker",
      "mon_zombie_swimmer",
      "mon_zombie_technician",
      "mon_zombie_labsecurity",
      "mon_zombie_swat",
      "mon_zombie_fat",
      "mon_zombie_tough",
      "mon_zombie_crawler",
      "mon_skeleton",
      "mon_skeleton_electric",
      "mon_skeleton_brute",
      "mon_skeleton_hulk",
      "mon_zombie_survivor",
      "mon_zombie_biter",
      "mon_zombie_brainless",
      "mon_zombie_ears",
      "mon_zombie_skull",
      "mon_zombie_brute",
      "mon_zombie_brute_grappler",
      "mon_zombie_brute_ninja",
      "mon_zombie_grappler",
      "mon_zombie_hollow",
      "mon_zombie_hulk",
      "mon_zombie_hunter",
      "mon_zombie_mancroc",
      "mon_zombie_master",
      "mon_zombie_necro",
      "mon_zombie_predator",
      "mon_zombie_screecher",
      "mon_zombie_thorny",
      "mon_zombie_smoker",
      "mon_zombie_anklebiter",
      "mon_zombie_child",
      "mon_zombie_creepy",
      "mon_zombie_shriekling",
      "mon_zombie_snotgobbler",
      "mon_zombie_sproglodyte",
      "mon_zombie_waif",
      "mon_zombie_brute_shocker",
      "mon_zombie_electric",
      "mon_zombie_nullfield",
      "mon_zombie_static",
      "mon_zombie_scientist",
      "mon_zombie_dog",
      "mon_dog_skeleton",
      "mon_dog_zombie_cop",
      "mon_dog_zombie_rot",
      "mon_zombie_wretched",
      "mon_zombie_corrosive",
      "mon_zombie_acidic",
      "mon_zombie_survivor_elite",
      "mon_zombie_bio_op",
      "mon_zombie_military_pilot",
      "mon_zombie_kevlar_2",
      "mon_zombie_kevlar_1",
      "mon_zombie_soldier_acid_2",
      "mon_zombie_soldier_acid_1",
      "mon_zombie_soldier_blackops_2",
      "mon_zombie_soldier_blackops_1",
      "mon_zombie_soldier",
      "mon_zougar",
      "mon_zoose",
      "mon_zombeaver",
      "mon_zombie_pig",
      "mon_zombear",
      "mon_zolf",
      "mon_giant_cockroach",
      "mon_pregnant_giant_cockroach",
      "mon_giant_cockroach_nymph",
      "mon_hunting_horror",
      "mon_flaming_eye",
      "mon_kreck",
      "mon_gozu",
      "mon_blob_small",
      "mon_blob",
      "mon_blob_large",
      "mon_mi_go",
      "mon_mi_go_guard",
      "mon_mi_go_slaver",
      "mon_mi_go_scout"
    ],
    "min_aoe": 100,
    "min_duration": 1000,
    "max_duration": 1500
  },
  {
    "id": "DMBB_ORB_act_blindingflash_blind",
    "type": "SPELL",
    "name": "Blinding Flash",
    "description": "Taste the light.",
    "flags": [ "SILENT", "IGNORE_WALLS", "RANDOM_DURATION" ],
    "valid_targets": [ "hostile" ],
    "effect": "target_attack",
    "effect_str": "blind",
    "targeted_monster_ids": [
      "mon_zombie",
      "mon_beekeeper",
      "mon_zombie_cop",
      "mon_zombie_fireman",
      "mon_zombie_hazmat",
      "mon_zombie_resort_dancer",
      "mon_zombie_resort_bouncer",
      "mon_zombie_resort_staff",
      "mon_zombie_rot",
      "mon_zombie_prisoner",
      "mon_zombie_grabber",
      "mon_zombie_runner",
      "mon_zombie_shady",
      "mon_zombie_shrieker",
      "mon_zombie_swimmer",
      "mon_zombie_technician",
      "mon_zombie_labsecurity",
      "mon_zombie_swat",
      "mon_zombie_fat",
      "mon_zombie_tough",
      "mon_zombie_crawler",
      "mon_skeleton",
      "mon_skeleton_electric",
      "mon_skeleton_brute",
      "mon_skeleton_hulk",
      "mon_zombie_survivor",
      "mon_zombie_biter",
      "mon_zombie_brainless",
      "mon_zombie_ears",
      "mon_zombie_skull",
      "mon_zombie_brute",
      "mon_zombie_brute_grappler",
      "mon_zombie_brute_ninja",
      "mon_zombie_grappler",
      "mon_zombie_hollow",
      "mon_zombie_hulk",
      "mon_zombie_hunter",
      "mon_zombie_mancroc",
      "mon_zombie_master",
      "mon_zombie_necro",
      "mon_zombie_predator",
      "mon_zombie_screecher",
      "mon_zombie_thorny",
      "mon_zombie_smoker",
      "mon_zombie_anklebiter",
      "mon_zombie_child",
      "mon_zombie_creepy",
      "mon_zombie_shriekling",
      "mon_zombie_snotgobbler",
      "mon_zombie_sproglodyte",
      "mon_zombie_waif",
      "mon_zombie_brute_shocker",
      "mon_zombie_electric",
      "mon_zombie_nullfield",
      "mon_zombie_static",
      "mon_zombie_scientist",
      "mon_zombie_dog",
      "mon_dog_skeleton",
      "mon_dog_zombie_cop",
      "mon_dog_zombie_rot",
      "mon_zombie_wretched",
      "mon_zombie_corrosive",
      "mon_zombie_acidic",
      "mon_zombie_survivor_elite",
      "mon_zombie_bio_op",
      "mon_zombie_military_pilot",
      "mon_zombie_kevlar_2",
      "mon_zombie_kevlar_1",
      "mon_zombie_soldier_acid_2",
      "mon_zombie_soldier_acid_1",
      "mon_zombie_soldier_blackops_2",
      "mon_zombie_soldier_blackops_1",
      "mon_zombie_soldier",
      "mon_zougar",
      "mon_zoose",
      "mon_zombeaver",
      "mon_zombie_pig",
      "mon_zombear",
      "mon_zolf",
      "mon_giant_cockroach",
      "mon_pregnant_giant_cockroach",
      "mon_giant_cockroach_nymph",
      "mon_hunting_horror",
      "mon_flaming_eye",
      "mon_kreck",
      "mon_gozu",
      "mon_blob_small",
      "mon_blob",
      "mon_blob_large",
      "mon_mi_go",
      "mon_mi_go_guard",
      "mon_mi_go_slaver",
      "mon_mi_go_scout"
    ],
    "min_aoe": 100,
    "min_duration": 1000,
    "max_duration": 1500
  },
  {
    "id": "DMBB_ORB_act_shockstorm_zap",
    "type": "SPELL",
    "name": "Shockstorm",
    "description": "Taste the shock.",
    "message": "<color_light_green>The orb calls forth thunderstrikes!</color>",
    "flags": [ "LOUD", "IGNORE_WALLS", "RANDOM_DURATION" ],
    "valid_targets": [ "hostile" ],
    "effect": "target_attack",
    "effect_str": "zapped",
    "sound_type": "combat",
    "sound_ambient": true,
    "sound_id": "fire_gun",
    "sound_variant": "thunder_sigil",
    "sound_description": "a thunderstorm!",
    "targeted_monster_ids": [
      "mon_zombie",
      "mon_beekeeper",
      "mon_zombie_cop",
      "mon_zombie_fireman",
      "mon_zombie_hazmat",
      "mon_zombie_resort_dancer",
      "mon_zombie_resort_bouncer",
      "mon_zombie_resort_staff",
      "mon_zombie_rot",
      "mon_zombie_prisoner",
      "mon_zombie_grabber",
      "mon_zombie_runner",
      "mon_zombie_shady",
      "mon_zombie_shrieker",
      "mon_zombie_swimmer",
      "mon_zombie_technician",
      "mon_zombie_labsecurity",
      "mon_zombie_swat",
      "mon_zombie_fat",
      "mon_zombie_tough",
      "mon_zombie_crawler",
      "mon_skeleton",
      "mon_skeleton_electric",
      "mon_skeleton_brute",
      "mon_skeleton_hulk",
      "mon_zombie_survivor",
      "mon_zombie_biter",
      "mon_zombie_brainless",
      "mon_zombie_ears",
      "mon_zombie_skull",
      "mon_zombie_brute",
      "mon_zombie_brute_grappler",
      "mon_zombie_brute_ninja",
      "mon_zombie_grappler",
      "mon_zombie_hollow",
      "mon_zombie_hulk",
      "mon_zombie_hunter",
      "mon_zombie_mancroc",
      "mon_zombie_master",
      "mon_zombie_necro",
      "mon_zombie_predator",
      "mon_zombie_screecher",
      "mon_zombie_thorny",
      "mon_zombie_smoker",
      "mon_zombie_anklebiter",
      "mon_zombie_child",
      "mon_zombie_creepy",
      "mon_zombie_shriekling",
      "mon_zombie_snotgobbler",
      "mon_zombie_sproglodyte",
      "mon_zombie_waif",
      "mon_zombie_brute_shocker",
      "mon_zombie_electric",
      "mon_zombie_nullfield",
      "mon_zombie_static",
      "mon_zombie_scientist",
      "mon_zombie_dog",
      "mon_dog_skeleton",
      "mon_dog_zombie_cop",
      "mon_dog_zombie_rot",
      "mon_zombie_wretched",
      "mon_zombie_corrosive",
      "mon_zombie_acidic",
      "mon_zombie_survivor_elite",
      "mon_zombie_bio_op",
      "mon_zombie_military_pilot",
      "mon_zombie_kevlar_2",
      "mon_zombie_kevlar_1",
      "mon_zombie_soldier_acid_2",
      "mon_zombie_soldier_acid_1",
      "mon_zombie_soldier_blackops_2",
      "mon_zombie_soldier_blackops_1",
      "mon_zombie_soldier",
      "mon_zougar",
      "mon_zoose",
      "mon_zombeaver",
      "mon_zombie_pig",
      "mon_zombear",
      "mon_zolf",
      "mon_giant_cockroach",
      "mon_pregnant_giant_cockroach",
      "mon_giant_cockroach_nymph",
      "mon_hunting_horror",
      "mon_flaming_eye",
      "mon_kreck",
      "mon_gozu",
      "mon_blob_small",
      "mon_blob",
      "mon_blob_large",
      "mon_mi_go",
      "mon_mi_go_guard",
      "mon_mi_go_slaver",
      "mon_mi_go_scout"
    ],
    "min_damage": 20,
    "damage_type": "electric",
    "min_aoe": 100,
    "min_duration": 750,
    "max_duration": 1250,
    "field_id": "fd_electricity",
    "field_chance": 1,
    "min_field_intensity": 3,
    "max_field_intensity": 3
  },
  {
    "id": "DMBB_ORB_act_inferno_fire",
    "type": "SPELL",
    "name": "Inferno",
    "description": "Taste the flames.",
    "message": "<color_light_green>The orb blasts an infernal explosion!</color>",
    "flags": [ "LOUD", "IGNORE_WALLS", "RANDOM_DURATION" ],
    "valid_targets": [ "hostile", "ground" ],
    "effect": "target_attack",
    "sound_type": "combat",
    "sound_ambient": true,
    "sound_id": "fire_gun",
    "sound_variant": "hand_of_armok",
    "targeted_monster_ids": [
      "mon_zombie",
      "mon_beekeeper",
      "mon_zombie_cop",
      "mon_zombie_fireman",
      "mon_zombie_hazmat",
      "mon_zombie_resort_dancer",
      "mon_zombie_resort_bouncer",
      "mon_zombie_resort_staff",
      "mon_zombie_rot",
      "mon_zombie_prisoner",
      "mon_zombie_grabber",
      "mon_zombie_runner",
      "mon_zombie_shady",
      "mon_zombie_shrieker",
      "mon_zombie_swimmer",
      "mon_zombie_technician",
      "mon_zombie_labsecurity",
      "mon_zombie_swat",
      "mon_zombie_fat",
      "mon_zombie_tough",
      "mon_zombie_crawler",
      "mon_skeleton",
      "mon_skeleton_electric",
      "mon_skeleton_brute",
      "mon_skeleton_hulk",
      "mon_zombie_survivor",
      "mon_zombie_biter",
      "mon_zombie_brainless",
      "mon_zombie_ears",
      "mon_zombie_skull",
      "mon_zombie_brute",
      "mon_zombie_brute_grappler",
      "mon_zombie_brute_ninja",
      "mon_zombie_grappler",
      "mon_zombie_hollow",
      "mon_zombie_hulk",
      "mon_zombie_hunter",
      "mon_zombie_mancroc",
      "mon_zombie_master",
      "mon_zombie_necro",
      "mon_zombie_predator",
      "mon_zombie_screecher",
      "mon_zombie_thorny",
      "mon_zombie_smoker",
      "mon_zombie_anklebiter",
      "mon_zombie_child",
      "mon_zombie_creepy",
      "mon_zombie_shriekling",
      "mon_zombie_snotgobbler",
      "mon_zombie_sproglodyte",
      "mon_zombie_waif",
      "mon_zombie_brute_shocker",
      "mon_zombie_electric",
      "mon_zombie_nullfield",
      "mon_zombie_static",
      "mon_zombie_scientist",
      "mon_zombie_dog",
      "mon_dog_skeleton",
      "mon_dog_zombie_cop",
      "mon_dog_zombie_rot",
      "mon_zombie_wretched",
      "mon_zombie_corrosive",
      "mon_zombie_acidic",
      "mon_zombie_survivor_elite",
      "mon_zombie_bio_op",
      "mon_zombie_military_pilot",
      "mon_zombie_kevlar_2",
      "mon_zombie_kevlar_1",
      "mon_zombie_soldier_acid_2",
      "mon_zombie_soldier_acid_1",
      "mon_zombie_soldier_blackops_2",
      "mon_zombie_soldier_blackops_1",
      "mon_zombie_soldier",
      "mon_zougar",
      "mon_zoose",
      "mon_zombeaver",
      "mon_zombie_pig",
      "mon_zombear",
      "mon_zolf",
      "mon_giant_cockroach",
      "mon_pregnant_giant_cockroach",
      "mon_giant_cockroach_nymph",
      "mon_hunting_horror",
      "mon_flaming_eye",
      "mon_kreck",
      "mon_gozu",
      "mon_blob_small",
      "mon_blob",
      "mon_blob_large",
      "mon_mi_go",
      "mon_mi_go_guard",
      "mon_mi_go_slaver",
      "mon_mi_go_scout"
    ],
    "effect_str": "onfire",
    "min_range": 69,
    "min_aoe": 5,
    "min_duration": 750,
    "max_duration": 1000
  },
  {
    "id": "DMBB_ORB_act_blizzard_ice",
    "type": "SPELL",
    "name": "Blizzard",
    "description": "Taste the frost.",
    "message": "<color_light_green>The orb created a hail of ice!</color>",
    "flags": [ "LOUD", "IGNORE_WALLS", "RANDOM_DURATION" ],
    "valid_targets": [ "hostile" ],
    "effect": "target_attack",
    "effect_str": "DMBB_ORB_act_blizzard_iced",
    "sound_type": "combat",
    "sound_ambient": true,
    "sound_id": "fire_gun",
    "sound_variant": "chemical_thrower",
    "targeted_monster_ids": [
      "mon_zombie",
      "mon_beekeeper",
      "mon_zombie_cop",
      "mon_zombie_fireman",
      "mon_zombie_hazmat",
      "mon_zombie_resort_dancer",
      "mon_zombie_resort_bouncer",
      "mon_zombie_resort_staff",
      "mon_zombie_rot",
      "mon_zombie_prisoner",
      "mon_zombie_grabber",
      "mon_zombie_runner",
      "mon_zombie_shady",
      "mon_zombie_shrieker",
      "mon_zombie_swimmer",
      "mon_zombie_technician",
      "mon_zombie_labsecurity",
      "mon_zombie_swat",
      "mon_zombie_fat",
      "mon_zombie_tough",
      "mon_zombie_crawler",
      "mon_skeleton",
      "mon_skeleton_electric",
      "mon_skeleton_brute",
      "mon_skeleton_hulk",
      "mon_zombie_survivor",
      "mon_zombie_biter",
      "mon_zombie_brainless",
      "mon_zombie_ears",
      "mon_zombie_skull",
      "mon_zombie_brute",
      "mon_zombie_brute_grappler",
      "mon_zombie_brute_ninja",
      "mon_zombie_grappler",
      "mon_zombie_hollow",
      "mon_zombie_hulk",
      "mon_zombie_hunter",
      "mon_zombie_mancroc",
      "mon_zombie_master",
      "mon_zombie_necro",
      "mon_zombie_predator",
      "mon_zombie_screecher",
      "mon_zombie_thorny",
      "mon_zombie_smoker",
      "mon_zombie_anklebiter",
      "mon_zombie_child",
      "mon_zombie_creepy",
      "mon_zombie_shriekling",
      "mon_zombie_snotgobbler",
      "mon_zombie_sproglodyte",
      "mon_zombie_waif",
      "mon_zombie_brute_shocker",
      "mon_zombie_electric",
      "mon_zombie_nullfield",
      "mon_zombie_static",
      "mon_zombie_scientist",
      "mon_zombie_dog",
      "mon_dog_skeleton",
      "mon_dog_zombie_cop",
      "mon_dog_zombie_rot",
      "mon_zombie_wretched",
      "mon_zombie_corrosive",
      "mon_zombie_acidic",
      "mon_zombie_survivor_elite",
      "mon_zombie_bio_op",
      "mon_zombie_military_pilot",
      "mon_zombie_kevlar_2",
      "mon_zombie_kevlar_1",
      "mon_zombie_soldier_acid_2",
      "mon_zombie_soldier_acid_1",
      "mon_zombie_soldier_blackops_2",
      "mon_zombie_soldier_blackops_1",
      "mon_zombie_soldier",
      "mon_zougar",
      "mon_zoose",
      "mon_zombeaver",
      "mon_zombie_pig",
      "mon_zombear",
      "mon_zolf",
      "mon_giant_cockroach",
      "mon_pregnant_giant_cockroach",
      "mon_giant_cockroach_nymph",
      "mon_hunting_horror",
      "mon_flaming_eye",
      "mon_kreck",
      "mon_gozu",
      "mon_blob_small",
      "mon_blob",
      "mon_blob_large",
      "mon_mi_go",
      "mon_mi_go_guard",
      "mon_mi_go_slaver",
      "mon_mi_go_scout"
    ],
    "min_aoe": 100,
    "min_duration": 1000,
    "max_duration": 2000
  },
  {
    "id": "DMBB_ORB_act_judgement_judge",
    "type": "SPELL",
    "name": "Judgment",
    "description": "Taste the divine light.",
    "message": "<color_yellow>The orb channels itself...</color>\n<color_light_green>Moments after, all monsters were struck by divine light!</color>",
    "flags": [ "LOUD", "IGNORE_WALLS" ],
    "valid_targets": [ "hostile" ],
    "effect": "target_attack",
    "sound_type": "combat",
    "sound_ambient": true,
    "sound_id": "fire_gun",
    "sound_variant": "scourge_staff",
    "targeted_monster_ids": [
      "mon_zombie",
      "mon_beekeeper",
      "mon_zombie_cop",
      "mon_zombie_fireman",
      "mon_zombie_hazmat",
      "mon_zombie_resort_dancer",
      "mon_zombie_resort_bouncer",
      "mon_zombie_resort_staff",
      "mon_zombie_rot",
      "mon_zombie_prisoner",
      "mon_zombie_grabber",
      "mon_zombie_runner",
      "mon_zombie_shady",
      "mon_zombie_shrieker",
      "mon_zombie_swimmer",
      "mon_zombie_technician",
      "mon_zombie_labsecurity",
      "mon_zombie_swat",
      "mon_zombie_fat",
      "mon_zombie_tough",
      "mon_zombie_crawler",
      "mon_skeleton",
      "mon_skeleton_electric",
      "mon_skeleton_brute",
      "mon_skeleton_hulk",
      "mon_zombie_survivor",
      "mon_zombie_biter",
      "mon_zombie_brainless",
      "mon_zombie_ears",
      "mon_zombie_skull",
      "mon_zombie_brute",
      "mon_zombie_brute_grappler",
      "mon_zombie_brute_ninja",
      "mon_zombie_grappler",
      "mon_zombie_hollow",
      "mon_zombie_hulk",
      "mon_zombie_hunter",
      "mon_zombie_mancroc",
      "mon_zombie_master",
      "mon_zombie_necro",
      "mon_zombie_predator",
      "mon_zombie_screecher",
      "mon_zombie_thorny",
      "mon_zombie_smoker",
      "mon_zombie_anklebiter",
      "mon_zombie_child",
      "mon_zombie_creepy",
      "mon_zombie_shriekling",
      "mon_zombie_snotgobbler",
      "mon_zombie_sproglodyte",
      "mon_zombie_waif",
      "mon_zombie_brute_shocker",
      "mon_zombie_electric",
      "mon_zombie_nullfield",
      "mon_zombie_static",
      "mon_zombie_scientist",
      "mon_zombie_dog",
      "mon_dog_skeleton",
      "mon_dog_zombie_cop",
      "mon_dog_zombie_rot",
      "mon_zombie_wretched",
      "mon_zombie_corrosive",
      "mon_zombie_acidic",
      "mon_zombie_survivor_elite",
      "mon_zombie_bio_op",
      "mon_zombie_military_pilot",
      "mon_zombie_kevlar_2",
      "mon_zombie_kevlar_1",
      "mon_zombie_soldier_acid_2",
      "mon_zombie_soldier_acid_1",
      "mon_zombie_soldier_blackops_2",
      "mon_zombie_soldier_blackops_1",
      "mon_zombie_soldier",
      "mon_zougar",
      "mon_zoose",
      "mon_zombeaver",
      "mon_zombie_pig",
      "mon_zombear",
      "mon_zolf",
      "mon_giant_cockroach",
      "mon_pregnant_giant_cockroach",
      "mon_giant_cockroach_nymph",
      "mon_hunting_horror",
      "mon_flaming_eye",
      "mon_kreck",
      "mon_gozu",
      "mon_blob_small",
      "mon_blob",
      "mon_blob_large",
      "mon_mi_go",
      "mon_mi_go_guard",
      "mon_mi_go_slaver",
      "mon_mi_go_scout"
    ],
    "effect_str": "mon_dmbb_orb_damage",
    "min_aoe": 100
  },
  {
    "type": "SPELL",
    "id": "dmbb_act_build_shock1_spawn",
    "name": "Build",
    "description": "Summons the turret in the targetted location.",
    "flags": [ "LOUD", "PERMANENT" ],
    "valid_targets": [ "ground" ],
    "min_damage": 1,
    "max_damage": 1,
    "min_range": 69,
    "max_range": 69,
    "effect": "summon",
    "effect_str": "mon_dmbb_turret_shock1",
    "sound_type": "combat",
    "sound_ambient": true,
    "sound_id": "reload",
    "sound_variant": "thunder_sigil"
  },
  {
    "type": "SPELL",
    "id": "dmbb_act_build_fire1_spawn",
    "name": "Build",
    "description": "Summons the turret in the targetted location.",
    "flags": [ "LOUD", "PERMANENT" ],
    "valid_targets": [ "ground" ],
    "min_damage": 1,
    "max_damage": 1,
    "min_range": 69,
    "max_range": 69,
    "effect": "summon",
    "effect_str": "mon_dmbb_turret_fire1",
    "sound_type": "combat",
    "sound_ambient": true,
    "sound_id": "reload",
    "sound_variant": "thunder_sigil"
  },
  {
    "type": "SPELL",
    "id": "dmbb_act_build_ice1_spawn",
    "name": "Build",
    "description": "Summons the turret in the targetted location.",
    "flags": [ "LOUD", "PERMANENT" ],
    "valid_targets": [ "ground" ],
    "min_damage": 1,
    "max_damage": 1,
    "min_range": 69,
    "max_range": 69,
    "effect": "summon",
    "effect_str": "mon_dmbb_turret_ice1",
    "sound_type": "combat",
    "sound_ambient": true,
    "sound_id": "reload",
    "sound_variant": "thunder_sigil"
  },
  {
    "type": "SPELL",
    "id": "dmbb_act_shock1_up_grade",
    "name": "Upgrade",
    "description": "Upgrades Turret - Electric.",
    "flags": [ "LOUD", "FRIENDLY_POLY" ],
    "valid_targets": [ "ally", "hostile" ],
    "min_damage": 69420,
    "max_damage": 69420,
    "min_range": 69,
    "max_range": 69,
    "effect": "targeted_polymorph",
    "targeted_monster_ids": [ "mon_dmbb_turret_shock1" ],
    "effect_str": "mon_dmbb_turret_shock2",
    "sound_type": "combat",
    "sound_ambient": true,
    "sound_id": "reload",
    "sound_variant": "thunder_sigil"
  },
  {
    "type": "SPELL",
    "id": "dmbb_act_shock2_up_grade_er",
    "name": "Upgrade",
    "description": "Upgrades Turret - Electric+ to Turret - Electric (shock).",
    "flags": [ "LOUD", "FRIENDLY_POLY" ],
    "valid_targets": [ "ally", "hostile" ],
    "min_damage": 69420,
    "max_damage": 69420,
    "min_range": 69,
    "max_range": 69,
    "effect": "targeted_polymorph",
    "targeted_monster_ids": [ "mon_dmbb_turret_shock2" ],
    "effect_str": "mon_dmbb_turret_shock_er",
    "sound_type": "combat",
    "sound_ambient": true,
    "sound_id": "reload",
    "sound_variant": "thunder_sigil"
  },
  {
    "type": "SPELL",
    "id": "dmbb_act_shock2_up_grade_tesla",
    "name": "Upgrade",
    "description": "Upgrades Turret - Electric+ to Turret - Electric (tesla).",
    "flags": [ "LOUD", "FRIENDLY_POLY" ],
    "valid_targets": [ "ally", "hostile" ],
    "min_damage": 69420,
    "max_damage": 69420,
    "min_range": 69,
    "max_range": 69,
    "effect": "targeted_polymorph",
    "targeted_monster_ids": [ "mon_dmbb_turret_shock2" ],
    "effect_str": "mon_dmbb_turret_shock_tesla",
    "sound_type": "combat",
    "sound_ambient": true,
    "sound_id": "reload",
    "sound_variant": "thunder_sigil"
  },
  {
    "type": "SPELL",
    "id": "dmbb_act_fire1_up_grade",
    "name": "Upgrade",
    "description": "Upgrades Turret - Fire.",
    "flags": [ "LOUD", "FRIENDLY_POLY" ],
    "valid_targets": [ "ally", "hostile" ],
    "min_damage": 69420,
    "max_damage": 69420,
    "min_range": 69,
    "max_range": 69,
    "effect": "targeted_polymorph",
    "targeted_monster_ids": [ "mon_dmbb_turret_fire1" ],
    "effect_str": "mon_dmbb_turret_fire2",
    "sound_type": "combat",
    "sound_ambient": true,
    "sound_id": "reload",
    "sound_variant": "thunder_sigil"
  },
  {
    "type": "SPELL",
    "id": "dmbb_act_fire2_up_grade_pyro",
    "name": "Upgrade",
    "description": "Upgrades Turret - Fire+ to Turret - Fire (pyro).",
    "flags": [ "LOUD", "FRIENDLY_POLY" ],
    "valid_targets": [ "ally", "hostile" ],
    "min_damage": 69420,
    "max_damage": 69420,
    "min_range": 69,
    "max_range": 69,
    "effect": "targeted_polymorph",
    "targeted_monster_ids": [ "mon_dmbb_turret_fire2" ],
    "effect_str": "mon_dmbb_turret_fire_pyro",
    "sound_type": "combat",
    "sound_ambient": true,
    "sound_id": "reload",
    "sound_variant": "thunder_sigil"
  },
  {
    "type": "SPELL",
    "id": "dmbb_act_fire2_up_grade_scorch",
    "name": "Upgrade",
    "description": "Upgrades Turret - Fire+ to Turret - Fire (scorch).",
    "flags": [ "LOUD", "FRIENDLY_POLY" ],
    "valid_targets": [ "ally", "hostile" ],
    "min_damage": 69420,
    "max_damage": 69420,
    "min_range": 69,
    "max_range": 69,
    "effect": "targeted_polymorph",
    "targeted_monster_ids": [ "mon_dmbb_turret_fire2" ],
    "effect_str": "mon_dmbb_turret_fire_scorch",
    "sound_type": "combat",
    "sound_ambient": true,
    "sound_id": "reload",
    "sound_variant": "thunder_sigil"
  },
  {
    "type": "SPELL",
    "id": "dmbb_act_ice1_up_grade",
    "name": "Upgrade",
    "description": "Upgrades Turret - Ice.",
    "flags": [ "LOUD", "FRIENDLY_POLY" ],
    "valid_targets": [ "ally", "hostile" ],
    "min_damage": 69420,
    "max_damage": 69420,
    "min_range": 69,
    "max_range": 69,
    "effect": "targeted_polymorph",
    "targeted_monster_ids": [ "mon_dmbb_turret_ice1" ],
    "effect_str": "mon_dmbb_turret_ice2",
    "sound_type": "combat",
    "sound_ambient": true,
    "sound_id": "reload",
    "sound_variant": "thunder_sigil"
  },
  {
    "type": "SPELL",
    "id": "dmbb_act_ice2_up_grade_frost",
    "name": "Upgrade",
    "description": "Upgrades Turret - Ice+ to Turret - Ice (frost).",
    "flags": [ "LOUD", "FRIENDLY_POLY" ],
    "valid_targets": [ "ally", "hostile" ],
    "min_damage": 69420,
    "max_damage": 69420,
    "min_range": 69,
    "max_range": 69,
    "effect": "targeted_polymorph",
    "targeted_monster_ids": [ "mon_dmbb_turret_ice2" ],
    "effect_str": "mon_dmbb_turret_ice_frost",
    "sound_type": "combat",
    "sound_ambient": true,
    "sound_id": "reload",
    "sound_variant": "thunder_sigil"
  },
  {
    "type": "SPELL",
    "id": "dmbb_act_ice2_up_grade_icicle",
    "name": "Upgrade",
    "description": "Upgrades Turret - Ice+ to Turret - Ice (icicle).",
    "flags": [ "LOUD", "FRIENDLY_POLY" ],
    "valid_targets": [ "ally", "hostile" ],
    "min_damage": 69420,
    "max_damage": 69420,
    "min_range": 69,
    "max_range": 69,
    "effect": "targeted_polymorph",
    "targeted_monster_ids": [ "mon_dmbb_turret_ice2" ],
    "effect_str": "mon_dmbb_turret_ice_icicle",
    "sound_type": "combat",
    "sound_ambient": true,
    "sound_id": "reload",
    "sound_variant": "thunder_sigil"
  },
  {
    "type": "SPELL",
    "id": "dmbb_act_cesward_item",
    "name": "Spawn",
    "description": "Forms celestial ward.",
    "message": "<color_light_green>A celestial ward were formed around you!</color>",
    "flags": [ "LOUD", "RANDOM_DURATION" ],
    "valid_targets": [ "self" ],
    "min_damage": 1,
    "min_duration": 18000,
    "max_duration": 30000,
    "effect": "spawn_item",
    "effect_str": "dmbb_envward",
    "sound_type": "combat",
    "sound_ambient": true,
    "sound_id": "reload",
    "sound_variant": "thunder_sigil"
  }
]
