[
  {
    "id": "dmbb_death",
    "type": "TOOL_ARMOR",
    "name": "orb's light",
    "description": "Proof of the orb's healthy state.",
    "volume": "1 ml",
    "weight": 0,
    "price": 0,
    "covers": [ "TORSO", "ARMS", "HANDS", "LEGS", "FEET", "HEAD", "MOUTH", "EYES" ],
    "coverage": 0,
    "encumbrance": 0,
    "material_thickness": 1,
    "environmental_protection": 15,
    "to_hit": -50,
    "material": [ "stone" ],
    "symbol": "0",
    "color": "white",
    "pocket_data": [
      {
        "pocket_type": "CONTAINER",
        "max_contains_volume": "69 L",
        "max_contains_weight": "420 kg",
        "max_item_length": "666 cm",
        "moves": 300
      }
    ],
    "drop_action": { "target": "dmbb_death_act", "target_charges": 1, "active": true, "type": "transform" }
  },
  {
    "id": "dmbb_death_act",
    "type": "TOOL",
    "name": "fading orb",
    "description": "You fail to defend the orb...",
    "volume": "1 ml",
    "weight": 0,
    "price": 0,
    "to_hit": -2,
    "bashing": 1,
    "material": [ "stone" ],
    "symbol": "0",
    "color": "dark_gray",
    "countdown_interval": 1,
    "countdown_destroy": true,
    "countdown_action": { "type": "cast_spell", "spell_id": "DMBB_ORB_death", "no_fail": true, "level": 0 }
  },
  {
    "id": "dmbb_envward",
    "type": "ARMOR",
    "name": { "str": "celestial ward" },
    "description": "An invisible field of holy light that wards off harmful environmental hazards. ",
    "weight": "1 g",
    "volume": "1 ml",
    "symbol": "O",
    "color": "white",
    "environmental_protection": 15,
    "covers": [ "LEGS", "TORSO", "ARMS", "HANDS", "HEAD", "FEET", "MOUTH", "EYES" ],
    "flags": [ "AURA", "SEMITANGIBLE", "OVERSIZE", "ONLY_ONE", "TRADER_AVOID", "NO_TAKEOFF", "NONCONDUCTIVE" ]
  }
]