[
  {
    "type": "AMMO",
    "id": "dmbb_ranger_arrow_wood",
    "price": 1000,
    "name": { "str": "wooden broadhead arrow" },
    "symbol": "=",
    "color": "green",
    "looks_like": "arrow_fire_hardened_fletched",
    "description": "A fletched wooden arrow shaft with a bladed tip.  Useful for maximizing damage to the target.",
    "material": [ "wood", "steel" ],
    "volume": "75 ml",
    "price_postapoc": 250,
    "weight": "10 g",
    "bashing": 2,
    "cutting": 1,
    "ammo_type": "arrow",
    "damage": { "damage_type": "stab", "armor_penetration": 2, "constant_damage_multiplier": 1.6 },
    "dispersion": 100,
    "loudness": 0,
    "count": 10,
    "critical_multiplier": 15,
    "effects": [ "RECOVER_35" ]
  }
]