[
  {
    "type": "material",
    "ident": "essencemat",
    "name": "Magical Essence",
    "density": 1,
    "bash_resist": 20,
    "cut_resist": 20,
    "bullet_resist": 20,
    "acid_resist": 99,
    "fire_resist": 99,
    "elec_resist": 99,
    "chip_resist": 99,
    "dmg_adj": [ "lightly damaged", "damaged", "very damaged", "thoroughly damaged" ],
    "bash_dmg_verb": "damaged",
    "cut_dmg_verb": "damaged"
  },
  {
    "type": "material",
    "ident": "dmbb_nullmat",
    "name": "Null",
    "density": 1,
    "bash_resist": 0,
    "cut_resist": 0,
    "bullet_resist": 0,
    "acid_resist": 0,
    "fire_resist": 0,
    "elec_resist": 0,
    "chip_resist": 99,
    "dmg_adj": [ "lightly damaged", "damaged", "very damaged", "thoroughly damaged" ],
    "bash_dmg_verb": "damaged",
    "cut_dmg_verb": "damaged"
  }
]