[
  {
    "id": "dmbb_essence",
    "type": "AMMO",
    "category": "dmbb_shard",
    "name": { "str": "sentinel's essence" },
    "description": "A tiny crystalline shard formed by the orb. Its light emission intensifies when it is close to its owner.",
    "volume": "1 ml",
    "price": 69,
    "price_postapoc": 420,
    "material": "essencemat",
    "symbol": "=",
    "color": "white",
    "count": 1,
    "ammo_type": "dmbb_essence_type",
    "effects": [ "NEVER_MISFIRES", "NON-FOULING" ]
  },
  {
    "id": "dmbb_essence_plus",
    "type": "AMMO",
    "category": "dmbb_shard",
    "name": { "str": "void essence" },
    "description": "A dark, faintly-glowing shard filled with pure dread, rarely dropped from decaying portals. Can be extracted to form more sentinel's essences.",
    "volume": "1 ml",
    "price": 69,
    "price_postapoc": 420,
    "material": "essencemat",
    "symbol": "=",
    "color": "dark_gray",
    "count": 1,
    "ammo_type": "dmbb_essence_type",
    "effects": [ "NEVER_MISFIRES", "NON-FOULING" ]
  }
]