{
    "id": "dmbb_locket",
    "type": "ARMOR",
    "name": { "str": "sentinel's locket" },
    "description": "A small, chainless locket, etched with divinity symbols. Gathers sentinel essences and blessed shards.",
    "weight": "69 g",
    "volume": "190 ml",
    "price": 1000,
    "price_postapoc": 10,
    "material": [ "steel" ],
    "symbol": "[",
    "looks_like": "silver_necklace",
    "color": "brown",
    "pocket_data": [
      {
        "pocket_type": "CONTAINER",
        "rigid": true,
        "max_contains_weight": "100 kg",
        "max_contains_volume": "100 L",
        "moves": 10,
        "item_restriction": [
          "dmbb_light",
          "dmbb_essence",
          "dmbb_essence_plus",
          "dmbb_act_cesheal",
          "dmbb_act_cesheal_plus",
          "dmbb_act_cespure",
          "dmbb_act_cesward",
          "dmbb_act_shock1_up",
          "dmbb_act_shock2_up_er",
          "dmbb_act_shock2_up_tesla",
          "dmbb_act_fire1_up",
          "dmbb_act_fire2_up_pyro",
          "dmbb_act_fire2_up_scorch",
          "dmbb_act_ice1_up",
          "dmbb_act_ice2_up_frost",
          "dmbb_act_ice2_up_icicle",
          "dmbb_act_summon_merc_knight",
          "dmbb_act_summon_merc_berserker",
          "dmbb_act_summon_merc_mutant",
          "dmbb_act_summon_merc_ranger",
          "dmbb_act_summon_merc_bard",
          "dmbb_act_summon_merc_mage",
          "dmbb_act_summon_merc_cleric",
          "dmbb_act_summon_merc_priest",
          "dmbb_act_build_shock1",
          "dmbb_act_build_fire1",
          "dmbb_act_build_ice1"
        ]
      }
    ],
    "flags": [ "TARDIS" ]
  }