[
  {
    "id": "dmbb_act_blindingflash",
    "type": "TOOL",
    "name": "orb's blessing - Blinding Flash",
    "description": "You are blessed. Drop this and you'll gain the true power...",
    "volume": "1 L",
    "weight": 0,
    "price": 0,
    "to_hit": -50,
    "bashing": 1,
    "material": [ "stone" ],
    "symbol": "0",
    "color": "white",
    "drop_action": { "type": "countdown", "name": "Bless", "message": "The orb shimmers!" },
    "countdown_interval": 1,
    "countdown_destroy": true,
    "countdown_action": { "type": "cast_spell", "spell_id": "DMBB_ORB_act_blindingflash_stun", "no_fail": true, "level": 0 }
  },
  {
    "id": "dmbb_act_shockstorm",
    "type": "TOOL",
    "name": "orb's blessing - Shockstorm",
    "description": "You are blessed. Drop this and you'll gain the true power...",
    "volume": "1 L",
    "weight": 0,
    "price": 0,
    "to_hit": -50,
    "bashing": 1,
    "material": [ "stone" ],
    "symbol": "0",
    "color": "white",
    "drop_action": { "type": "countdown", "name": "Bless", "message": "The orb shimmers!" },
    "countdown_interval": 1,
    "countdown_destroy": true,
    "countdown_action": { "type": "cast_spell", "spell_id": "DMBB_ORB_act_shockstorm_zap", "no_fail": true, "level": 0 }
  },
  {
    "id": "dmbb_act_inferno",
    "type": "TOOL",
    "name": "orb's blessing - Inferno",
    "description": "You are blessed. Drop this and you'll gain the true power...",
    "volume": "1 L",
    "weight": 0,
    "price": 0,
    "to_hit": -50,
    "bashing": 1,
    "material": [ "stone" ],
    "symbol": "0",
    "color": "white",
    "drop_action": { "type": "countdown", "name": "Bless", "message": "The orb shimmers!" },
    "countdown_interval": 1,
    "countdown_destroy": true,
    "countdown_action": { "type": "cast_spell", "spell_id": "DMBB_ORB_act_inferno_fire", "no_fail": true, "level": 0 }
  },
  {
    "id": "dmbb_act_blizzard",
    "type": "TOOL",
    "name": "orb's blessing - Blizzard",
    "description": "You are blessed. Drop this and you'll gain the true power...",
    "volume": "1 L",
    "weight": 0,
    "price": 0,
    "to_hit": -50,
    "bashing": 1,
    "material": [ "stone" ],
    "symbol": "0",
    "color": "white",
    "drop_action": { "type": "countdown", "name": "Bless", "message": "The orb shimmers!" },
    "countdown_interval": 1,
    "countdown_destroy": true,
    "countdown_action": { "type": "cast_spell", "spell_id": "DMBB_ORB_act_blizzard_ice", "no_fail": true, "level": 0 }
  },
  {
    "id": "dmbb_act_judgment",
    "type": "TOOL",
    "name": "orb's blessing - Judgment",
    "description": "You are blessed. Drop this and you'll gain the true power...",
    "volume": "1 L",
    "weight": 0,
    "price": 0,
    "to_hit": -50,
    "bashing": 1,
    "material": [ "stone" ],
    "symbol": "0",
    "color": "white",
    "drop_action": { "type": "countdown", "name": "Bless", "message": "The orb shimmers!" },
    "countdown_interval": 1,
    "countdown_destroy": true,
    "countdown_action": { "type": "cast_spell", "spell_id": "DMBB_ORB_act_judgement_judge", "no_fail": true, "level": 0 }
  },
  {
    "id": "dmbb_act_merc_bard_stop",
    "type": "TOOL",
    "name": "orb's blessing - Command",
    "description": "You are blessed. Drop this and you'll gain the true power...",
    "volume": "1 L",
    "weight": 0,
    "price": 0,
    "to_hit": -50,
    "bashing": 1,
    "material": [ "stone" ],
    "symbol": "0",
    "color": "white",
    "drop_action": { "type": "countdown", "name": "Command", "message": "<color_dark_gray>The bard pauses...</color>" },
    "countdown_interval": 1,
    "countdown_destroy": true,
    "countdown_action": { "type": "cast_spell", "spell_id": "DMBB_ORB_MERC_bard_notoof", "no_fail": true, "level": 0 }
  },
  {
    "id": "dmbb_act_sentguard_despawn",
    "type": "TOOL",
    "name": "orb's blessing - Despawn",
    "description": "You are blessed. Drop this and you'll gain the true power...",
    "volume": "1 L",
    "weight": 0,
    "price": 0,
    "to_hit": -50,
    "bashing": 1,
    "material": [ "stone" ],
    "symbol": "0",
    "color": "white",
    "drop_action": { "type": "countdown", "name": "Bless", "message": "The orb shimmers!" },
    "countdown_interval": 1,
    "countdown_destroy": true,
    "countdown_action": { "type": "cast_spell", "spell_id": "DMBB_ORB_sentguard_despawn", "no_fail": true, "level": 0 }
  }
]
