[
  {
    "id": "dmbb_act_cesheal",
    "type": "TOOL",
    "name": {
      "str": "orb's shard - <color_light_green>Celestial Healing</color>",
      "str_pl": "orb's shards - <color_light_green>Celestial Healing</color>"
    },
    "description": "A shard blessed by the orb. Shatter this object to gain its blessing. Note that you can only shatter one at a time.\n\n<color_cyan>If activated, heals for 5 hp (equivalent to 1 touch on orb) on you or any target.</color>",
    "volume": "100 ml",
    "weight": 69,
    "price": 0,
    "category": "dmbb_shard",
    "to_hit": -2,
    "bashing": 1,
    "material": [ "stone" ],
    "symbol": "*",
    "color": "white",
    "use_action": { "type": "countdown", "name": "Shatter", "message": "You smashed the %s." },
    "countdown_interval": 1,
    "countdown_destroy": true,
    "countdown_action": { "type": "cast_spell", "spell_id": "DMBB_ORB_act_cesheal_heal", "no_fail": true, "level": 0 }
  },
  {
    "id": "dmbb_act_cesheal_plus",
    "type": "TOOL",
    "name": {
      "str": "orb's shard - <color_light_green>Celestial Healing+</color>",
      "str_pl": "orb's shards - <color_light_green>Celestial Healing+</color>"
    },
    "description": "A shard blessed by the orb. Shatter this object to gain its blessing. Note that you can only shatter one at a time.\n\n<color_cyan>If activated, heals for 20 hp (equivalent to 4 touches on orb) on you or any target.</color>",
    "volume": "100 ml",
    "weight": 69,
    "price": 0,
    "category": "dmbb_shard",
    "to_hit": -2,
    "bashing": 1,
    "material": [ "stone" ],
    "symbol": "*",
    "color": "white",
    "use_action": { "type": "countdown", "name": "Shatter", "message": "You smashed the %s." },
    "countdown_interval": 1,
    "countdown_destroy": true,
    "countdown_action": { "type": "cast_spell", "spell_id": "DMBB_ORB_act_cesheal_plus_heal", "no_fail": true, "level": 0 }
  },
  {
    "id": "dmbb_act_cespure",
    "type": "TOOL",
    "name": {
      "str": "orb's shard - <color_light_green>Celestial Purification</color>",
      "str_pl": "orb's shards - <color_light_green>Celestial Purification</color>"
    },
    "description": "A shard blessed by the orb. Shatter this object to gain its blessing. Note that you can only shatter one at a time.\n\n<color_cyan>If activated, removes most debuffs on you or the target.</color>",
    "volume": "100 ml",
    "weight": 69,
    "price": 0,
    "category": "dmbb_shard",
    "to_hit": -2,
    "bashing": 1,
    "material": [ "stone" ],
    "symbol": "*",
    "color": "white",
    "use_action": { "type": "countdown", "name": "Shatter", "message": "You smashed the %s." },
    "countdown_interval": 1,
    "countdown_destroy": true,
    "countdown_action": { "type": "cast_spell", "spell_id": "DMBB_ORB_act_cespure_pure", "no_fail": true, "level": 0 }
  },
  {
    "id": "dmbb_act_cesward",
    "type": "TOOL",
    "name": {
      "str": "orb's shard - <color_light_green>Celestial Ward</color>",
      "str_pl": "orb's shards - <color_light_green>Celestial Ward</color>"
    },
    "description": "A shard blessed by the orb. Shatter this object to gain its blessing. Note that you can only shatter one at a time.\n\n<color_cyan>If activated, creates an invisible field around you that blocks environmental hazards for 3-5 minutes. Can only have one active effect at a time.</color>",
    "volume": "100 ml",
    "weight": 69,
    "price": 0,
    "category": "dmbb_shard",
    "to_hit": -2,
    "bashing": 1,
    "material": [ "stone" ],
    "symbol": "*",
    "color": "white",
    "use_action": { "type": "countdown", "name": "Shatter", "message": "You smashed the %s." },
    "countdown_interval": 1,
    "countdown_destroy": true,
    "countdown_action": { "type": "cast_spell", "spell_id": "dmbb_act_cesward_item", "no_fail": true, "level": 0 }
  },
  {
    "id": "dmbb_act_build_shock1",
    "type": "TOOL",
    "name": {
      "str": "orb's shard - <color_light_green>Turret - Electric Build</color>",
      "str_pl": "orb's shards - <color_light_green>Turret - Electric Build</color>"
    },
    "description": "A shard blessed by the orb. Shatter this object to gain its blessing. Note that you can only shatter one at a time.\n\n<color_cyan>If activated, builds the Turret - Electric.</color>",
    "volume": "100 ml",
    "weight": 69,
    "price": 0,
    "category": "dmbb_shard",
    "to_hit": -2,
    "bashing": 1,
    "material": [ "stone" ],
    "symbol": "*",
    "color": "white",
    "use_action": { "type": "countdown", "name": "Shatter", "message": "You smashed the %s." },
    "countdown_interval": 1,
    "countdown_destroy": true,
    "countdown_action": { "type": "cast_spell", "spell_id": "dmbb_act_build_shock1_spawn", "no_fail": true, "level": 0 }
  },
  {
    "id": "dmbb_act_build_fire1",
    "type": "TOOL",
    "name": {
      "str": "orb's shard - <color_light_green>Turret - Fire Build</color>",
      "str_pl": "orb's shards - <color_light_green>Turret - Fire Build</color>"
    },
    "description": "A shard blessed by the orb. Shatter this object to gain its blessing. Note that you can only shatter one at a time.\n\n<color_cyan>If activated, builds the Turret - Fire.</color>",
    "volume": "100 ml",
    "weight": 69,
    "price": 0,
    "category": "dmbb_shard",
    "to_hit": -2,
    "bashing": 1,
    "material": [ "stone" ],
    "symbol": "*",
    "color": "white",
    "use_action": { "type": "countdown", "name": "Shatter", "message": "You smashed the %s." },
    "countdown_interval": 1,
    "countdown_destroy": true,
    "countdown_action": { "type": "cast_spell", "spell_id": "dmbb_act_build_fire1_spawn", "no_fail": true, "level": 0 }
  },
  {
    "id": "dmbb_act_build_ice1",
    "type": "TOOL",
    "name": {
      "str": "orb's shard - <color_light_green>Turret - Ice Build</color>",
      "str_pl": "orb's shards - <color_light_green>Turret - Ice Build</color>"
    },
    "description": "A shard blessed by the orb. Shatter this object to gain its blessing. Note that you can only shatter one at a time.\n\n<color_cyan>If activated, builds the Turret - Ice.</color>",
    "volume": "100 ml",
    "weight": 69,
    "price": 0,
    "category": "dmbb_shard",
    "to_hit": -2,
    "bashing": 1,
    "material": [ "stone" ],
    "symbol": "*",
    "color": "white",
    "use_action": { "type": "countdown", "name": "Shatter", "message": "You smashed the %s." },
    "countdown_interval": 1,
    "countdown_destroy": true,
    "countdown_action": { "type": "cast_spell", "spell_id": "dmbb_act_build_ice1_spawn", "no_fail": true, "level": 0 }
  },
  {
    "id": "dmbb_act_shock1_up",
    "type": "TOOL",
    "name": {
      "str": "orb's shard - <color_light_green>Turret - Electric Upgrade</color>",
      "str_pl": "orb's shards - <color_light_green>Turret - Electric Upgrade</color>"
    },
    "description": "A shard blessed by the orb. Shatter this object to gain its blessing. Note that you can only shatter one at a time.\n\n<color_cyan>If activated, upgrades the target Turret - Electric.</color>",
    "volume": "100 ml",
    "weight": 69,
    "price": 0,
    "category": "dmbb_shard",
    "to_hit": -2,
    "bashing": 1,
    "material": [ "stone" ],
    "symbol": "*",
    "color": "white",
    "use_action": { "type": "countdown", "name": "Shatter", "message": "You smashed the %s." },
    "countdown_interval": 1,
    "countdown_destroy": true,
    "countdown_action": { "type": "cast_spell", "spell_id": "dmbb_act_shock1_up_grade", "no_fail": true, "level": 0 }
  },
  {
    "id": "dmbb_act_shock2_up_er",
    "type": "TOOL",
    "name": {
      "str": "orb's shard - <color_light_green>Turret - Electric+ Upgrade</color>",
      "str_pl": "orb's shards - <color_light_green>Turret - Electric+ Upgrade</color>"
    },
    "description": "A shard blessed by the orb. Shatter this object to gain its blessing. Note that you can only shatter one at a time.\n\n<color_cyan>If activated, upgrades the target Turret - Electric+ to Turret - Electric (shock).</color>",
    "volume": "100 ml",
    "weight": 69,
    "price": 0,
    "category": "dmbb_shard",
    "to_hit": -2,
    "bashing": 1,
    "material": [ "stone" ],
    "symbol": "*",
    "color": "white",
    "use_action": { "type": "countdown", "name": "Shatter", "message": "You smashed the %s." },
    "countdown_interval": 1,
    "countdown_destroy": true,
    "countdown_action": { "type": "cast_spell", "spell_id": "dmbb_act_shock2_up_grade_er", "no_fail": true, "level": 0 }
  },
  {
    "id": "dmbb_act_shock2_up_tesla",
    "type": "TOOL",
    "name": {
      "str": "orb's shard - <color_light_green>Turret - Electric+ Upgrade</color>",
      "str_pl": "orb's shards - <color_light_green>Turret - Electric+ Upgrade</color>"
    },
    "description": "A shard blessed by the orb. Shatter this object to gain its blessing. Note that you can only shatter one at a time.\n\n<color_cyan>If activated, upgrades the target Turret - Electric+ to Turret - Electric (tesla).</color>",
    "volume": "100 ml",
    "weight": 69,
    "price": 0,
    "category": "dmbb_shard",
    "to_hit": -2,
    "bashing": 1,
    "material": [ "stone" ],
    "symbol": "*",
    "color": "white",
    "use_action": { "type": "countdown", "name": "Shatter", "message": "You smashed the %s." },
    "countdown_interval": 1,
    "countdown_destroy": true,
    "countdown_action": { "type": "cast_spell", "spell_id": "dmbb_act_shock2_up_grade_tesla", "no_fail": true, "level": 0 }
  },
  {
    "id": "dmbb_act_fire1_up",
    "type": "TOOL",
    "name": {
      "str": "orb's shard - <color_light_green>Turret - Fire Upgrade</color>",
      "str_pl": "orb's shards - <color_light_green>Turret - Fire Upgrade</color>"
    },
    "description": "A shard blessed by the orb. Shatter this object to gain its blessing. Note that you can only shatter one at a time.\n\n<color_cyan>If activated, upgrades the target Turret - Fire.</color>",
    "volume": "100 ml",
    "weight": 69,
    "price": 0,
    "category": "dmbb_shard",
    "to_hit": -2,
    "bashing": 1,
    "material": [ "stone" ],
    "symbol": "*",
    "color": "white",
    "use_action": { "type": "countdown", "name": "Shatter", "message": "You smashed the %s." },
    "countdown_interval": 1,
    "countdown_destroy": true,
    "countdown_action": { "type": "cast_spell", "spell_id": "dmbb_act_fire1_up_grade", "no_fail": true, "level": 0 }
  },
  {
    "id": "dmbb_act_fire2_up_pyro",
    "type": "TOOL",
    "name": {
      "str": "orb's shard - <color_light_green>Turret - Fire+ Upgrade</color>",
      "str_pl": "orb's shards - <color_light_green>Turret - Fire+ Upgrade</color>"
    },
    "description": "A shard blessed by the orb. Shatter this object to gain its blessing. Note that you can only shatter one at a time.\n\n<color_cyan>If activated, upgrades the target Turret - Fire+ to Turret - Fire (pyro).</color>",
    "volume": "100 ml",
    "weight": 69,
    "price": 0,
    "category": "dmbb_shard",
    "to_hit": -2,
    "bashing": 1,
    "material": [ "stone" ],
    "symbol": "*",
    "color": "white",
    "use_action": { "type": "countdown", "name": "Shatter", "message": "You smashed the %s." },
    "countdown_interval": 1,
    "countdown_destroy": true,
    "countdown_action": { "type": "cast_spell", "spell_id": "dmbb_act_fire2_up_grade_pyro", "no_fail": true, "level": 0 }
  },
  {
    "id": "dmbb_act_fire2_up_scorch",
    "type": "TOOL",
    "name": {
      "str": "orb's shard - <color_light_green>Turret - Fire+ Upgrade</color>",
      "str_pl": "orb's shards - <color_light_green>Turret - Fire+ Upgrade</color>"
    },
    "description": "A shard blessed by the orb. Shatter this object to gain its blessing. Note that you can only shatter one at a time.\n\n<color_cyan>If activated, upgrades the target Turret - Fire+ to Turret - Fire (scorch).</color>",
    "volume": "100 ml",
    "weight": 69,
    "price": 0,
    "category": "dmbb_shard",
    "to_hit": -2,
    "bashing": 1,
    "material": [ "stone" ],
    "symbol": "*",
    "color": "white",
    "use_action": { "type": "countdown", "name": "Shatter", "message": "You smashed the %s." },
    "countdown_interval": 1,
    "countdown_destroy": true,
    "countdown_action": { "type": "cast_spell", "spell_id": "dmbb_act_fire2_up_grade_scorch", "no_fail": true, "level": 0 }
  },
  {
    "id": "dmbb_act_ice1_up",
    "type": "TOOL",
    "name": {
      "str": "orb's shard - <color_light_green>Turret - Ice Upgrade</color>",
      "str_pl": "orb's shards - <color_light_green>Turret - Ice Upgrade</color>"
    },
    "description": "A shard blessed by the orb. Shatter this object to gain its blessing. Note that you can only shatter one at a time.\n\n<color_cyan>If activated, upgrades the target Turret - Ice.</color>",
    "volume": "100 ml",
    "weight": 69,
    "price": 0,
    "category": "dmbb_shard",
    "to_hit": -2,
    "bashing": 1,
    "material": [ "stone" ],
    "symbol": "*",
    "color": "white",
    "use_action": { "type": "countdown", "name": "Shatter", "message": "You smashed the %s." },
    "countdown_interval": 1,
    "countdown_destroy": true,
    "countdown_action": { "type": "cast_spell", "spell_id": "dmbb_act_ice1_up_grade", "no_fail": true, "level": 0 }
  },
  {
    "id": "dmbb_act_ice2_up_frost",
    "type": "TOOL",
    "name": {
      "str": "orb's shard - <color_light_green>Turret - Ice+ Upgrade</color>",
      "str_pl": "orb's shards - <color_light_green>Turret - Ice+ Upgrade</color>"
    },
    "description": "A shard blessed by the orb. Shatter this object to gain its blessing. Note that you can only shatter one at a time.\n\n<color_cyan>If activated, upgrades the target Turret - Ice+ to Turret - Ice (frost).</color>",
    "volume": "100 ml",
    "weight": 69,
    "price": 0,
    "category": "dmbb_shard",
    "to_hit": -2,
    "bashing": 1,
    "material": [ "stone" ],
    "symbol": "*",
    "color": "white",
    "use_action": { "type": "countdown", "name": "Shatter", "message": "You smashed the %s." },
    "countdown_interval": 1,
    "countdown_destroy": true,
    "countdown_action": { "type": "cast_spell", "spell_id": "dmbb_act_ice2_up_grade_frost", "no_fail": true, "level": 0 }
  },
  {
    "id": "dmbb_act_ice2_up_icicle",
    "type": "TOOL",
    "name": {
      "str": "orb's shard - <color_light_green>Turret - Ice+ Upgrade</color>",
      "str_pl": "orb's shards - <color_light_green>Turret - Ice+ Upgrade</color>"
    },
    "description": "A shard blessed by the orb. Shatter this object to gain its blessing. Note that you can only shatter one at a time.\n\n<color_cyan>If activated, upgrades the target Turret - Ice+ to Turret - Ice (icicle).</color>",
    "volume": "100 ml",
    "weight": 69,
    "price": 0,
    "category": "dmbb_shard",
    "to_hit": -2,
    "bashing": 1,
    "material": [ "stone" ],
    "symbol": "*",
    "color": "white",
    "use_action": { "type": "countdown", "name": "Shatter", "message": "You smashed the %s." },
    "countdown_interval": 1,
    "countdown_destroy": true,
    "countdown_action": { "type": "cast_spell", "spell_id": "dmbb_act_ice2_up_grade_icicle", "no_fail": true, "level": 0 }
  },
  {
    "id": "dmbb_act_ice2_up_icicle_act",
    "type": "TOOL",
    "name": { "str": "orb's shard - Turret - Ice+ Upgrade", "str_pl": "orb's shards - Turret - Ice+ Upgrade" },
    "description": "A shard blessed by the orb. It is shattering.",
    "volume": "0 ml",
    "weight": 0,
    "price": 0,
    "category": "dmbb_shard",
    "to_hit": -2,
    "bashing": 1,
    "material": [ "stone" ],
    "symbol": "0",
    "color": "dark_gray",
    "countdown_interval": 1,
    "countdown_destroy": true,
    "countdown_action": { "type": "cast_spell", "spell_id": "dmbb_act_ice2_up_grade_icicle", "no_fail": true, "level": 0 }
  },
  {
    "id": "dmbb_act_summon_merc_knight",
    "type": "TOOL",
    "name": {
      "str": "orb's shard - <color_light_green>Summon</color>",
      "str_pl": "orb's shards - <color_light_green>Summon</color>"
    },
    "description": "A shard blessed by the orb. Shatter this object to gain its blessing. Note that you can only shatter one at a time.\n\n<color_cyan>If activated, summons an allied knight mercenary.</color>",
    "volume": "100 ml",
    "weight": 69,
    "price": 0,
    "category": "dmbb_shard",
    "to_hit": -50,
    "bashing": 1,
    "material": [ "stone" ],
    "symbol": "0",
    "color": "white",
    "use_action": { "type": "countdown", "name": "Shatter", "message": "You smashed the %s." },
    "countdown_interval": 1,
    "countdown_destroy": true,
    "countdown_action": { "type": "place_npc",
      "npc_class_id": "dmbb_npc_merc_knight",
      "summon_msg": "A knight has joined your party!",
      "place_randomly": false }
  },
  {
    "id": "dmbb_act_summon_merc_berserker",
    "type": "TOOL",
    "name": {
      "str": "orb's shard - <color_light_green>Summon</color>",
      "str_pl": "orb's shards - <color_light_green>Summon</color>"
    },
    "description": "A shard blessed by the orb. Shatter this object to gain its blessing. Note that you can only shatter one at a time.\n\n<color_cyan>If activated, summons an allied berserker mercenary.</color>",
    "volume": "100 ml",
    "weight": 69,
    "price": 0,
    "category": "dmbb_shard",
    "to_hit": -50,
    "bashing": 1,
    "material": [ "stone" ],
    "symbol": "0",
    "color": "white",
    "use_action": { "type": "countdown", "name": "Shatter", "message": "You smashed the %s." },
    "countdown_interval": 1,
    "countdown_destroy": true,
    "countdown_action": { "type": "place_npc",
      "npc_class_id": "dmbb_npc_merc_berserker",
      "summon_msg": "A berserker has joined your party!",
      "place_randomly": false }
  },
  {
    "id": "dmbb_act_summon_merc_mutant",
    "type": "TOOL",
    "name": {
      "str": "orb's shard - <color_light_green>Summon</color>",
      "str_pl": "orb's shards - <color_light_green>Summon</color>"
    },
    "description": "A shard blessed by the orb. Shatter this object to gain its blessing. Note that you can only shatter one at a time.\n\n<color_cyan>If activated, summons an allied mutant mercenary.</color>",
    "volume": "100 ml",
    "weight": 69,
    "price": 0,
    "category": "dmbb_shard",
    "to_hit": -50,
    "bashing": 1,
    "material": [ "stone" ],
    "symbol": "0",
    "color": "white",
    "use_action": { "type": "countdown", "name": "Shatter", "message": "You smashed the %s." },
    "countdown_interval": 1,
    "countdown_destroy": true,
    "countdown_action": { "type": "place_npc",
      "npc_class_id": "dmbb_npc_merc_mutant",
      "summon_msg": "A mutant has joined your party!",
      "place_randomly": false }
  },
  {
    "id": "dmbb_act_summon_merc_ranger",
    "type": "TOOL",
    "name": {
      "str": "orb's shard - <color_light_green>Summon</color>",
      "str_pl": "orb's shards - <color_light_green>Summon</color>"
    },
    "description": "A shard blessed by the orb. Shatter this object to gain its blessing. Note that you can only shatter one at a time.\n\n<color_cyan>If activated, summons an allied ranger mercenary.</color>",
    "volume": "100 ml",
    "weight": 69,
    "price": 0,
    "category": "dmbb_shard",
    "to_hit": -50,
    "bashing": 1,
    "material": [ "stone" ],
    "symbol": "0",
    "color": "white",
    "use_action": { "type": "countdown", "name": "Shatter", "message": "You smashed the %s." },
    "countdown_interval": 1,
    "countdown_destroy": true,
    "countdown_action": { "type": "place_npc",
      "npc_class_id": "dmbb_npc_merc_ranger",
      "summon_msg": "A ranger has joined your party!",
      "place_randomly": false }
  },
  {
    "id": "dmbb_act_summon_merc_bard",
    "type": "TOOL",
    "name": {
      "str": "orb's shard - <color_light_green>Summon</color>",
      "str_pl": "orb's shards - <color_light_green>Summon</color>"
    },
    "description": "A shard blessed by the orb. Shatter this object to gain its blessing. Note that you can only shatter one at a time.\n\n<color_cyan>If activated, summons an allied bard mercenary.</color>",
    "volume": "100 ml",
    "weight": 69,
    "price": 0,
    "category": "dmbb_shard",
    "to_hit": -50,
    "bashing": 1,
    "material": [ "stone" ],
    "symbol": "0",
    "color": "white",
    "use_action": { "type": "countdown", "name": "Shatter", "message": "You smashed the %s." },
    "countdown_interval": 1,
    "countdown_destroy": true,
    "countdown_action": { "type": "place_npc",
      "npc_class_id": "dmbb_npc_merc_bard",
      "summon_msg": "A bard has joined your party!",
      "place_randomly": false }
  },
  {
    "id": "dmbb_act_summon_merc_mage",
    "type": "TOOL",
    "name": {
      "str": "orb's shard - <color_light_green>Summon</color>",
      "str_pl": "orb's shards - <color_light_green>Summon</color>"
    },
    "description": "A shard blessed by the orb. Shatter this object to gain its blessing. Note that you can only shatter one at a time.\n\n<color_cyan>If activated, summons an allied mage mercenary.</color>",
    "volume": "100 ml",
    "weight": 69,
    "price": 0,
    "category": "dmbb_shard",
    "to_hit": -50,
    "bashing": 1,
    "material": [ "stone" ],
    "symbol": "0",
    "color": "white",
    "use_action": { "type": "countdown", "name": "Shatter", "message": "You smashed the %s." },
    "countdown_interval": 1,
    "countdown_destroy": true,
    "countdown_action": { "type": "place_npc",
      "npc_class_id": "dmbb_npc_merc_mage",
      "summon_msg": "A mage has joined your party!",
      "place_randomly": false }
  },
  {
    "id": "dmbb_act_summon_merc_cleric",
    "type": "TOOL",
    "name": {
      "str": "orb's shard - <color_light_green>Summon</color>",
      "str_pl": "orb's shards - <color_light_green>Summon</color>"
    },
    "description": "A shard blessed by the orb. Shatter this object to gain its blessing. Note that you can only shatter one at a time.\n\n<color_cyan>If activated, summons an allied cleric mercenary.</color>",
    "volume": "100 ml",
    "weight": 69,
    "price": 0,
    "category": "dmbb_shard",
    "to_hit": -50,
    "bashing": 1,
    "material": [ "stone" ],
    "symbol": "0",
    "color": "white",
    "use_action": { "type": "countdown", "name": "Shatter", "message": "You smashed the %s." },
    "countdown_interval": 1,
    "countdown_destroy": true,
    "countdown_action": { "type": "place_npc",
      "npc_class_id": "dmbb_npc_merc_cleric",
      "summon_msg": "A cleric has joined your party!",
      "place_randomly": false }
  },
  {
    "id": "dmbb_act_summon_merc_priest",
    "type": "TOOL",
    "name": {
      "str": "orb's shard - <color_light_green>Summon</color>",
      "str_pl": "orb's shards - <color_light_green>Summon</color>"
    },
    "description": "A shard blessed by the orb. Shatter this object to gain its blessing. Note that you can only shatter one at a time.\n\n<color_cyan>If activated, summons an allied priest mercenary.</color>",
    "volume": "100 ml",
    "weight": 69,
    "price": 0,
    "category": "dmbb_shard",
    "to_hit": -50,
    "bashing": 1,
    "material": [ "stone" ],
    "symbol": "0",
    "color": "white",
    "use_action": { "type": "countdown", "name": "Shatter", "message": "You smashed the %s." },
    "countdown_interval": 1,
    "countdown_destroy": true,
    "countdown_action": { "type": "place_npc",
      "npc_class_id": "dmbb_npc_merc_priest",
      "summon_msg": "A priest has joined your party!",
      "place_randomly": false }
  }
]