[
  {
    "type": "GENERIC",
    "id": "dmbb_orb_weapon",
    "symbol": "]",
    "color": "white",
    "name": { "str": "divinity" },
    "description": "\"Banish thy darkness!\"",
    "material": [ "dmbb_nullmat" ],
    "volume": "69 ml",
    "weight": "420 g",
    "bashing": 10,
    "cutting": 10,
    "price_postapoc": 50,
    "flags": [ "UNARMED_WEAPON", "STAB", "NO_UNWIELD" ]
  },
  {
    "id": "dmbb_ranger_shortbow",
    "looks_like": "longbow",
    "type": "GUN",
    "symbol": "(",
    "color": "yellow",
    "name": { "str": "short bow" },
    "description": "Though not as powerful as the longbow, this bow is quicker and easier to draw, and can be used effectively by those of average strength.  Good for small game or the survivor on the go.",
    "price": 16000,
    "material": [ "wood" ],
    "flags": [ "FIRE_TWOHAND", "RELOAD_AND_SHOOT", "PRIMITIVE_RANGED_WEAPON", "BELTED", "WATER_FRIENDLY" ],
    "skill": "archery",
    "min_strength": 7,
    "ammo": [ "arrow" ],
    "weight": "300 g",
    "volume": "1350 ml",
    "price_postapoc": 500,
    "bashing": 5,
    "armor_data": { "covers": [ "TORSO" ], "coverage": 3, "material_thickness": 1, "encumbrance": 6 },
    "reload_noise_volume": 3,
    "loudness": 6,
    "ranged_damage": { "damage_type": "stab", "amount": 6 },
    "range": 10,
    "dispersion": 1000,
    "durability": 10,
    "clip_size": 1,
    "valid_mod_locations": [ [ "dampening", 1 ] ],
    "pocket_data": [ { "pocket_type": "MAGAZINE", "ammo_restriction": { "arrow": 1 } } ]
  },
  {
    "id": "dmbb_bard_banjo",
    "type": "TOOL",
    "category": "tools",
    "name": { "str": "banjo" },
    "description": "A wooden banjo.  So hard you can break people with it.",
    "weight": "2000 g",
    "volume": "3 L",
    "longest_side": "95 cm",
    "price": 7500,
    "price_postapoc": 500,
    "to_hit": 2,
    "bashing": 12,
    "material": [ "wood", "iron" ],
    "symbol": "|",
    "color": "white",
    "initial_charges": 1,
    "use_action": {
      "type": "musical_instrument",
      "volume": 18,
      "fun": -3,
      "fun_bonus": 2,
      "speed_penalty": 18,
      "description_frequency": 20,
      "player_descriptions": [
        "You play a little tune on your banjo.",
        "You play a bluegrass tune on your banjo.",
        "You play a quick, Southern ditty on your banjo."
      ]
    }
  },
  {
    "type": "TOOL",
    "id": "dmbb_cleric_staff",
    "symbol": "/",
    "color": "light_gray",
    "name": { "str": "cleric's staff" },
    "description": "A long, sturdy metallic white staff, with a large divinity symbol on its tip.",
    "price": 6000,
    "weight": "1900 g",
    "volume": "2800 ml",
    "longest_side": "205 cm",
    "price_postapoc": 1500,
    "bashing": 16,
    "material": [ "steel" ],
    "techniques": [ "WBLOCK_1" ],
    "flags": [ "DURABLE_MELEE", "NONCONDUCTIVE", "SHEATH_SPEAR", "ALWAYS_TWOHAND" ],
    "category": "weapons",
    "to_hit": 2
  },
  {
    "id": "dmbb_cleric_heal_i",
    "type": "TOOL",
    "category": "weapons",
    "name": { "str": "cleric's blessing" },
    "description": "It is a bug to have this.",
    "weight": "1 g",
    "volume": "1 ml",
    "price": 100,
    "price_postapoc": 10,
    "to_hit": -1,
    "material": [ "dmbb_nullmat" ],
    "symbol": "*",
    "color": "cyan",
    "use_action": { "type": "cast_spell", "spell_id": "DMBB_ORB_MERC_cleric_heal_target2", "no_fail": true, "level": 0 },
    "flags": [ "ACT_ON_RANGED_HIT", "NPC_THROWN" ]
  },
  {
    "type": "TOOL",
    "id": "dmbb_priest_staff",
    "symbol": "/",
    "color": "light_gray",
    "name": { "str": "priest's staff" },
    "description": "A long, sturdy metallic white staff, with a large holy symbol on its tip.",
    "price": 6000,
    "weight": "1900 g",
    "volume": "2800 ml",
    "longest_side": "205 cm",
    "price_postapoc": 1500,
    "bashing": 16,
    "material": [ "steel" ],
    "techniques": [ "WBLOCK_1" ],
    "flags": [ "DURABLE_MELEE", "NONCONDUCTIVE", "SHEATH_SPEAR", "ALWAYS_TWOHAND" ],
    "category": "weapons",
    "to_hit": 2
  }
]