{
    "id": "mon_dmbb_zombie_void",
    "type": "MONSTER",
    "name": { "str": "void zombie" },
    "description": "Strange malevolent aura enshrouds this shambling body, as portions of its body have warped into nothingness, and it sucks anything that comes close.",
    "default_faction": "zombie",
    "bodytype": "human",
    "species": [ "ZOMBIE", "HUMAN" ],
    "volume": "62500 ml",
    "weight": "81500 g",
    "hp": 210,
    "speed": 60,
    "material": [ "flesh", "dmbb_nullmat" ],
    "attack_effs": [
      { "id": "mon_dmbb_zombie_void_ed", "duration": 1 }
    ],
    "symbol": "Z",
    "color": "black",
    "aggression": 100,
    "morale": 100,
    "attack_cost": 400,
    "melee_skill": 8,
    "melee_dice": 1,
    "melee_dice_sides": 1,
    "melee_cut": 1,
    "melee_damage": [ { "damage_type": "biological", "amount": 15 } ],
    "vision_night": 30,
    "armor_bullet": 200,
    "harvest": "exempt",
    "death_function": [ "DISAPPEAR" ],
    "flags": [
      "SEES",
      "HEARS",
      "SMELLS",
      "STUMBLES",
      "WARM",
      "BASHES",
      "GROUP_BASH",
      "POISON",
      "NO_BREATHE",
      "REVIVES",
      "PUSH_MON"
    ]
  }