{
    "id": "mon_dmbb_divineshade",
    "type": "MONSTER",
    "name": "divine shade",
    "description": "An ethereal silhouette stripped away from its vessel. It'll bring wrath to its former team before disappearing.",
    "default_faction": "zombie",
    "species": [ "UNKNOWN" ],
    "volume": "0 L",
    "weight": "0 kg",
    "hp": 10,
    "speed": 500,
    "material": [ "stone" ],
    "emit_fields": [ "emit_dmbb_spawner_end" ],
    "symbol": "*",
    "color": "white",
    "aggression": 100,
    "morale": 100,
    "armor_bash": 200,
    "armor_cut": 200,
    "armor_stab": 200,
    "armor_bullet": 200,
    "harvest": "exempt",
    "special_attacks": [
      {
        "type": "spell",
        "spell_data": { "id": "mon_dmbb_divineshade_target" },
        "cooldown": 5,
        "monster_message": "<color_yellow>%1$s implodes!</color>"
      }
    ],
    "death_function": [ "DISAPPEAR" ],
    "flags": [ "SEES", "HEARS", "SMELLS", "WARM", "POISON", "NO_BREATHE", "PACIFIST", "ELECTRIC", "ACIDPROOF", "FIREPROOF", "COLDPROOF" ]
  }