{
    "id": "mon_dmbb_sentguard",
    "type": "MONSTER",
    "name": "sentinel's guard",
    "description": "An ethereal guard armed with a longsword and a shield, fully clad in armor of unknown material.",
    "default_faction": "zombie",
    "species": [ "UNKNOWN" ],
    "volume": "0 L",
    "weight": "0 kg",
    "hp": 80,
    "speed": 100,
    "material": [ "stone" ],
    "symbol": "@",
    "color": "white",
    "aggression": 100,
    "morale": 100,
    "melee_skill": 6,
    "melee_dice": 1,
    "melee_dice_sides": 4,
    "melee_cut": 6,
    "armor_bash": 15,
    "armor_cut": 15,
    "armor_stab": 15,
    "armor_bullet": 15,
    "vision_day": 69,
    "vision_night": 69,
    "harvest": "exempt",
    "death_function": [ "DISAPPEAR" ],
    "flags": [ "SEES", "WARM", "POISON", "NO_BREATHE" ]
  }