{
  "type": "MOD_INFO",
  "ident": "dmbb",
  "name": "Defense Mode but Better",
  "authors": [
    "Axema Vales"
  ],
  "description": "Tired of plain-old CDDA defense mode? This will spice it up - with the help of magic!\nActivate this then select <color_yellow>Defense Mode</color> scenario on character creation to play.\n\n<color_cyan>DMBB features progressive waves, an upgrade system and much more!</color>",
  "version": "<color_light_green>V1 - 07/25/2020</color>",
  "category": "magical",
  "dependencies": [
    "dda", "magiclysm", "Arcana", "terrainbasemod"
  ]
}
