[
  {
    "type": "mutation",
    "id": "DMBB_ORB_PC_str",
    "name": { "str": "Strength+" },
    "points": 0,
    "description": "Your STR has increased by 1!",
    "valid": false,
    "player_display": false,
    "purifiable": false,
    "passive_mods": { "str_mod": 1 }
  },
  {
    "type": "mutation",
    "id": "DMBB_ORB_PC_str_plus",
    "name": { "str": "Strength++" },
    "points": 0,
    "description": "Your STR has increased by 1!",
    "valid": false,
    "player_display": false,
    "purifiable": false,
    "passive_mods": { "str_mod": 1 }
  },
  {
    "type": "mutation",
    "id": "DMBB_ORB_PC_str_plusultra",
    "name": { "str": "Strength+++" },
    "points": 0,
    "description": "Your STR has increased by 2!",
    "valid": false,
    "player_display": false,
    "purifiable": false,
    "passive_mods": { "str_mod": 2 }
  },
  {
    "type": "mutation",
    "id": "DMBB_ORB_PC_dex",
    "name": { "str": "Dexterity+" },
    "points": 0,
    "description": "Your DEX has increased by 1!",
    "valid": false,
    "player_display": false,
    "purifiable": false,
    "passive_mods": { "dex_mod": 1 }
  },
  {
    "type": "mutation",
    "id": "DMBB_ORB_PC_dex_plus",
    "name": { "str": "Dexterity++" },
    "points": 0,
    "description": "Your DEX has increased by 1!",
    "valid": false,
    "player_display": false,
    "purifiable": false,
    "passive_mods": { "dex_mod": 1 }
  },
  {
    "type": "mutation",
    "id": "DMBB_ORB_PC_dex_plusultra",
    "name": { "str": "Dexterity+++" },
    "points": 0,
    "description": "Your DEX has increased by 2!",
    "valid": false,
    "player_display": false,
    "purifiable": false,
    "passive_mods": { "dex_mod": 2 }
  },
  {
    "type": "mutation",
    "id": "DMBB_ORB_PC_int",
    "name": { "str": "Intelligence+" },
    "points": 0,
    "description": "Your INT has increased by 1!",
    "valid": false,
    "player_display": false,
    "purifiable": false,
    "passive_mods": { "int_mod": 1 }
  },
  {
    "type": "mutation",
    "id": "DMBB_ORB_PC_int_plus",
    "name": { "str": "Intelligence++" },
    "points": 0,
    "description": "Your INT has increased by 1!",
    "valid": false,
    "player_display": false,
    "purifiable": false,
    "passive_mods": { "int_mod": 1 }
  },
  {
    "type": "mutation",
    "id": "DMBB_ORB_PC_int_plusultra",
    "name": { "str": "Intelligence+++" },
    "points": 0,
    "description": "Your INT has increased by 2!",
    "valid": false,
    "player_display": false,
    "purifiable": false,
    "passive_mods": { "int_mod": 2 }
  },
  {
    "type": "mutation",
    "id": "DMBB_ORB_PC_per",
    "name": { "str": "Perception+" },
    "points": 0,
    "description": "Your PER has increased by 1!",
    "valid": false,
    "player_display": false,
    "purifiable": false,
    "passive_mods": { "per_mod": 1 }
  },
  {
    "type": "mutation",
    "id": "DMBB_ORB_PC_per_plus",
    "name": { "str": "Perception++" },
    "points": 0,
    "description": "Your PER has increased by 1!",
    "valid": false,
    "player_display": false,
    "purifiable": false,
    "passive_mods": { "per_mod": 1 }
  },
  {
    "type": "mutation",
    "id": "DMBB_ORB_PC_per_plusultra",
    "name": { "str": "Perception+++" },
    "points": 0,
    "description": "Your PER has increased by 2!",
    "valid": false,
    "player_display": false,
    "purifiable": false,
    "passive_mods": { "per_mod": 2 }
  },
  {
    "type": "mutation",
    "id": "DMBB_ORB_PC_speed",
    "name": { "str": "Speed+" },
    "points": 0,
    "description": "Your overall speed has increased!",
    "valid": false,
    "player_display": false,
    "purifiable": false,
    "movecost_modifier": 0.925,
    "attackcost_modifier": 0.925
  },
  {
    "type": "mutation",
    "id": "DMBB_ORB_PC_speed_plus",
    "name": { "str": "Speed++" },
    "points": 0,
    "description": "Your overall speed has greatly increased!",
    "valid": false,
    "player_display": false,
    "purifiable": false,
    "movecost_modifier": 0.9,
    "attackcost_modifier": 0.9
  },
  {
    "type": "mutation",
    "id": "DMBB_ORB_PC_speed_plusultra",
    "name": { "str": "Speed+++" },
    "points": 0,
    "description": "Your overall speed has significantly increased!",
    "valid": false,
    "player_display": false,
    "purifiable": false,
    "movecost_modifier": 0.85,
    "attackcost_modifier": 0.85
  },
  {
    "type": "mutation",
    "id": "DMBB_ORB_PC_hp",
    "name": { "str": "HP+" },
    "points": 0,
    "description": "Your hp has increased!",
    "valid": false,
    "player_display": false,
    "purifiable": false,
    "hp_modifier_secondary": 0.1
  },
  {
    "type": "mutation",
    "id": "DMBB_ORB_PC_hp_plus",
    "name": { "str": "HP++" },
    "points": 0,
    "description": "Your hp has greatly increased!",
    "valid": false,
    "player_display": false,
    "purifiable": false,
    "hp_modifier_secondary": 0.125
  },
  {
    "type": "mutation",
    "id": "DMBB_ORB_PC_hp_plusultra",
    "name": { "str": "HP+++" },
    "points": 0,
    "description": "Your hp has significantly increased!",
    "valid": false,
    "player_display": false,
    "purifiable": false,
    "hp_modifier_secondary": 0.2
  },
  {
    "type": "mutation",
    "id": "DMBB_ORB_PC_endurance",
    "name": { "str": "Endurance+" },
    "points": 0,
    "description": "Your endurance has increased!",
    "valid": false,
    "player_display": false,
    "purifiable": false,
    "max_stamina_modifier": 1.1,
    "stamina_regen_modifier": 0.1
  },
  {
    "type": "mutation",
    "id": "DMBB_ORB_PC_endurance_plus",
    "name": { "str": "Endurance++" },
    "points": 0,
    "description": "Your endurance has greatly increased!",
    "valid": false,
    "player_display": false,
    "purifiable": false,
    "max_stamina_modifier": 1.175,
    "stamina_regen_modifier": 0.125
  },
  {
    "type": "mutation",
    "id": "DMBB_ORB_PC_endurance_plusultra",
    "name": { "str": "Endurance+++" },
    "points": 0,
    "description": "Your endurance has significantly increased!",
    "valid": false,
    "player_display": false,
    "purifiable": false,
    "max_stamina_modifier": 1.3,
    "stamina_regen_modifier": 0.2
  },
  {
    "type": "mutation",
    "id": "DMBB_ORB_PC_phyres",
    "name": { "str": "Physical Resistance+" },
    "points": 0,
    "description": "Your physical resistance has increased!",
    "valid": false,
    "player_display": false,
    "purifiable": false,
    "armor": [
      {
        "parts": [ "torso", "arm_l", "arm_r", "hand_l", "hand_r", "leg_l", "leg_r", "foot_l", "foot_r", "mouth", "eyes" ],
        "bash": 3, "cut": 3, "pierce": 3, "ballistic": 3
      }
    ]
  },
  {
    "type": "mutation",
    "id": "DMBB_ORB_PC_phyres_plus",
    "name": { "str": "Physical Resistance++" },
    "points": 0,
    "description": "Your physical resistance has greatly increased!",
    "valid": false,
    "player_display": false,
    "purifiable": false,
    "armor": [
      {
        "parts": [ "torso", "arm_l", "arm_r", "hand_l", "hand_r", "leg_l", "leg_r", "foot_l", "foot_r", "mouth", "eyes" ],
        "bash": 4, "cut": 4, "pierce": 4, "ballistic": 4
      }
    ]
  },
  {
    "type": "mutation",
    "id": "DMBB_ORB_PC_phyres_plusultra",
    "name": { "str": "Physical Resistance+++" },
    "points": 0,
    "description": "Your physical resistance has significantly increased!",
    "valid": false,
    "player_display": false,
    "purifiable": false,
    "armor": [
      {
        "parts": [ "torso", "arm_l", "arm_r", "hand_l", "hand_r", "leg_l", "leg_r", "foot_l", "foot_r", "mouth", "eyes" ],
        "bash": 5, "cut": 5, "pierce": 5, "ballistic": 5
      }
    ]
  },
  {
    "type": "mutation",
    "id": "DMBB_ORB_PC_elemres",
    "name": { "str": "Elemental Resistance+" },
    "points": 0,
    "description": "Your elemental resistance has increased!",
    "valid": false,
    "player_display": false,
    "purifiable": false,
    "armor": [
      {
        "parts": [ "torso", "arm_l", "arm_r", "hand_l", "hand_r", "leg_l", "leg_r", "foot_l", "foot_r", "mouth", "eyes" ],
        "acid": 1, "fire": 1, "cold": 1, "electric": 1
      }
    ]
  },
  {
    "type": "mutation",
    "id": "DMBB_ORB_PC_elemres_plus",
    "name": { "str": "Elemental Resistance++" },
    "points": 0,
    "description": "Your elemental resistance has greatly increased!",
    "valid": false,
    "player_display": false,
    "purifiable": false,
    "armor": [
      {
        "parts": [ "torso", "arm_l", "arm_r", "hand_l", "hand_r", "leg_l", "leg_r", "foot_l", "foot_r", "mouth", "eyes" ],
        "acid": 2, "fire": 2, "cold": 2, "electric": 2
      }
    ]
  },
  {
    "type": "mutation",
    "id": "DMBB_ORB_PC_elemres_plusultra",
    "name": { "str": "Elemental Resistance+++" },
    "points": 0,
    "description": "Your elemental resistance has significantly increased!",
    "valid": false,
    "player_display": false,
    "purifiable": false,
    "armor": [
      {
        "parts": [ "torso", "arm_l", "arm_r", "hand_l", "hand_r", "leg_l", "leg_r", "foot_l", "foot_r", "mouth", "eyes" ],
        "acid": 3, "fire": 3, "cold": 3, "electric": 3
      }
    ]
  },
  {
    "type": "mutation",
    "id": "DMBB_ORB_PC_hevpro",
    "name": { "str": "Heavenly Protection" },
    "points": 0,
    "description": "You are protected by a divine force!",
    "valid": false,
    "player_display": false,
    "purifiable": false,
    "enchantments": [ "DMBB_ORB_PC_hevpro_ench" ]
  },
  {
    "type": "mutation",
    "id": "DMBB_ORB_PC_consecrate",
    "name": { "str": "Consecrate" },
    "points": 0,
    "description": "Your attacks were blessed!",
    "valid": false,
    "player_display": false,
    "purifiable": false,
    "enchantments": [ "DMBB_ORB_PC_consecrate_ench" ]
  }
]