[
  {
    "id": "DMBB_ORB_clear_barrier",
    "type": "SPELL",
    "name": "Remove Barrier",
    "description": "\"Mhmm, me sad no shield.\"",
    "message": "",
    "flags": [ "SILENT", "IGNORE_WALLS" ],
    "valid_targets": [ "ground", "self" ],
    "effect": "ter_transform",
    "effect_str": "dmbb_clear_barrier",
    "min_aoe": 10,
    "max_aoe": 10
  },
  {
    "id": "DMBB_ORB_atk_oof",
    "type": "SPELL",
    "name": "Attacked",
    "description": "\"pls help\"",
    "message": "",
    "flags": [ "SILENT", "IGNORE_WALLS" ],
    "valid_targets": [ "ground", "self" ],
    "effect": "ter_transform",
    "effect_str": "dmbb_change_colors_atked",
    "min_aoe": 10,
    "max_aoe": 10
  },
  {
    "id": "DMBB_ORB_atk_oofed",
    "type": "SPELL",
    "name": "Was Attacked",
    "description": "\"am okay.\"",
    "message": "",
    "flags": [ "SILENT", "IGNORE_WALLS" ],
    "valid_targets": [ "ground", "self" ],
    "effect": "ter_transform",
    "effect_str": "dmbb_change_colors_defed",
    "min_aoe": 10,
    "max_aoe": 10
  },
  {
    "id": "DMBB_ORB_atk",
    "type": "SPELL",
    "name": "Lightray",
    "description": "\"You shall bath in light!\"",
    "message": "",
    "flags": [ "LOUD", "RANDOM_TARGET" ],
    "valid_targets": [ "hostile" ],
    "effect": "target_attack",
    "effect_str": "mon_dmbb_orb_damage",
    "sound_type": "combat",
    "sound_ambient": true,
    "sound_id": "fire_gun",
    "sound_variant": "bloodscourge",
    "sound_description": "a holy blast!",
    "extra_effects": [ { "id": "DMBB_ORB_atk_self", "hit_self": true }, { "id": "DMBB_ORB_atk_oof", "hit_self": true } ],
    "min_damage": 20,
    "min_range": 2,
    "min_duration": 1
  },
  {
    "id": "DMBB_ORB_atk_self",
    "type": "SPELL",
    "name": "Touched",
    "description": "\"Oof!\"",
    "message": "",
    "flags": [ "LOUD" ],
    "valid_targets": [ "self" ],
    "effect": "target_attack",
    "effect_str": "mon_dmbb_orb_damaged",
    "sound_type": "combat",
    "sound_ambient": true,
    "sound_id": "reload",
    "sound_variant": "thunder_sigil",
    "sound_description": "a zing!",
    "affected_body_parts": [ "HEAD", "TORSO", "ARM_L", "ARM_R", "LEG_L", "LEG_R" ],
    "min_duration": 1
  },
  {
    "type": "SPELL",
    "id": "DMBB_ORB_penitence_holylight",
    "name": "Holy Light",
    "description": "Causes the monster to transform into a divine shade.",
    "flags": [ "SILENT", "FRIENDLY_POLY" ],
    "valid_targets": [ "ally", "hostile" ],
    "min_damage": 69420,
    "max_damage": 69420,
    "min_range": 1,
    "max_range": 1,
    "effect": "targeted_polymorph",
    "effect_str": "mon_dmbb_divineshade"
  },
  {
    "id": "DMBB_ORB_cleanse_portal",
    "type": "SPELL",
    "name": "Cleanse",
    "description": "\"Chill!\"",
    "message": "",
    "flags": [ "LOUD", "RANDOM_TARGET" ],
    "valid_targets": [ "hostile" ],
    "effect": "target_attack",
    "targeted_monster_ids": [ "mon_dmbb_spawner_zed1", "mon_dmbb_spawner_zed2", "mon_dmbb_spawner_survival1_zed" ],
    "effect_str": "mon_dmbb_orb_cleansed",
    "sound_type": "combat",
    "sound_ambient": true,
    "sound_id": "fire_gun",
    "sound_variant": "bloodscourge",
    "min_range": 69,
    "min_duration": 1
  },
  {
    "id": "DMBB_ORB_cleanse_portal_target",
    "type": "SPELL",
    "name": "Target",
    "description": "Targets hostile.",
    "valid_targets": [ "hostile" ],
    "min_range": 69,
    "extra_effects": [ { "id": "DMBB_ORB_cleanse_portal" } ],
    "effect": "target_attack",
    "targeted_monster_ids": [ "mon_dmbb_spawner_zed1", "mon_dmbb_spawner_zed2", "mon_dmbb_spawner_survival1_zed" ],
    "flags": [ "SILENT", "RANDOM_TARGET" ]
  },
  {
    "id": "DMBB_ORB_check",
    "type": "SPELL",
    "name": "Check",
    "description": "\"They trespass?! Not gonna happen!\"",
    "message": "",
    "valid_targets": [ "self" ],
    "min_duration": 6000,
    "effect": "target_attack",
    "effect_str": "dmbb_enemycheck"
  },
  {
    "id": "DMBB_ORB_check_target1",
    "type": "SPELL",
    "name": "Target",
    "description": "Then hostiles.",
    "valid_targets": [ "hostile" ],
    "extra_effects": [ { "id": "DMBB_ORB_check", "hit_self": true } ],
    "min_range": 69,
    "effect": "target_attack",
    "targeted_monster_ids": [
      "mon_zombie",
      "mon_beekeeper",
      "mon_zombie_cop",
      "mon_zombie_fireman",
      "mon_zombie_hazmat",
      "mon_zombie_resort_dancer",
      "mon_zombie_resort_bouncer",
      "mon_zombie_resort_staff",
      "mon_zombie_rot",
      "mon_zombie_prisoner",
      "mon_zombie_grabber",
      "mon_zombie_runner",
      "mon_zombie_shady",
      "mon_zombie_shrieker",
      "mon_zombie_swimmer",
      "mon_zombie_technician",
      "mon_zombie_labsecurity",
      "mon_zombie_swat",
      "mon_zombie_fat",
      "mon_zombie_tough",
      "mon_zombie_crawler",
      "mon_skeleton",
      "mon_skeleton_electric",
      "mon_skeleton_brute",
      "mon_skeleton_hulk",
      "mon_zombie_survivor",
      "mon_zombie_biter",
      "mon_zombie_brainless",
      "mon_zombie_ears",
      "mon_zombie_skull",
      "mon_zombie_brute",
      "mon_zombie_brute_grappler",
      "mon_zombie_brute_ninja",
      "mon_zombie_grappler",
      "mon_zombie_hollow",
      "mon_zombie_hulk",
      "mon_zombie_hunter",
      "mon_zombie_mancroc",
      "mon_zombie_master",
      "mon_zombie_necro",
      "mon_zombie_predator",
      "mon_zombie_screecher",
      "mon_zombie_thorny",
      "mon_zombie_smoker",
      "mon_zombie_anklebiter",
      "mon_zombie_child",
      "mon_zombie_creepy",
      "mon_zombie_shriekling",
      "mon_zombie_snotgobbler",
      "mon_zombie_sproglodyte",
      "mon_zombie_waif",
      "mon_zombie_brute_shocker",
      "mon_zombie_electric",
      "mon_zombie_nullfield",
      "mon_zombie_static",
      "mon_zombie_scientist",
      "mon_zombie_dog",
      "mon_dog_skeleton",
      "mon_dog_zombie_cop",
      "mon_dog_zombie_rot",
      "mon_zombie_wretched",
      "mon_zombie_corrosive",
      "mon_zombie_acidic",
      "mon_zombie_survivor_elite",
      "mon_zombie_bio_op",
      "mon_zombie_military_pilot",
      "mon_zombie_kevlar_2",
      "mon_zombie_kevlar_1",
      "mon_zombie_soldier_acid_2",
      "mon_zombie_soldier_acid_1",
      "mon_zombie_soldier_blackops_2",
      "mon_zombie_soldier_blackops_1",
      "mon_zombie_soldier",
      "mon_zougar",
      "mon_zoose",
      "mon_zombeaver",
      "mon_zombie_pig",
      "mon_zombear",
      "mon_zolf",
      "mon_giant_cockroach",
      "mon_pregnant_giant_cockroach",
      "mon_giant_cockroach_nymph",
      "mon_hunting_horror",
      "mon_flaming_eye",
      "mon_kreck",
      "mon_gozu",
      "mon_blob_small",
      "mon_blob",
      "mon_blob_large",
      "mon_mi_go",
      "mon_mi_go_guard",
      "mon_mi_go_slaver",
      "mon_mi_go_scout"
    ],
    "flags": [ "RANDOM_TARGET" ]
  },
  {
    "id": "DMBB_ORB_check_target2",
    "type": "SPELL",
    "name": "Target",
    "description": "Targets self.",
    "valid_targets": [ "self" ],
    "extra_effects": [ { "id": "DMBB_ORB_check_target1" } ],
    "effect": "target_attack"
  },
  {
    "id": "DMBB_ORB_PC_hevpro_blight",
    "type": "SPELL",
    "name": "Blight",
    "description": "\"You shall bath in light! Just a little!\"",
    "message": "",
    "flags": [ "LOUD", "RANDOM_DURATION" ],
    "valid_targets": [ "hostile" ],
    "effect": "target_attack",
    "effect_str": "stunned",
    "min_range": 2,
    "min_duration": 200,
    "max_duration": 400
  },
  {
    "id": "DMBB_ORB_PC_consecrate_c",
    "type": "SPELL",
    "name": "Consecrate",
    "description": "\"Burn!!!\"",
    "message": "",
    "flags": [ "LOUD" ],
    "valid_targets": [ "hostile" ],
    "effect": "target_attack",
    "effect_str": "mon_dmbb_orb_consecrate",
    "min_range": 2
  }
]
