[
  {
    "type": "mapgen",
    "nested_mapgen_id": "dmbb_barrier_nested",
    "method": "json",
    "object": {
      "mapgensize": [ 24, 24 ],
      "rows": [
        "                        ",
        "                        ",
        "                        ",
        "                        ",
        "                        ",
        "                        ",
        "           P            ",
        "          PPP           ",
        "         PP PP          ",
        "        PP   PP         ",
        "       PP     PP        ",
        "      PP       PP       ",
        "       PP     PP        ",
        "        PP   PP         ",
        "         PP PP          ",
        "          PPP           ",
        "           P            ",
        "                        ",
        "                        ",
        "                        ",
        "                        ",
        "                        ",
        "                        ",
        "                        "
      ],
      "terrain": { "P": "t_dmbb_barrier" }
    }
  },
  {
    "type": "mapgen",
    "method": "json",
    "update_mapgen_id": "dmbb_orb_barrier",
    "object": { "place_nested": [ { "chunks": [ "dmbb_barrier_nested" ], "x": 0, "y": 0 } ] }
  },
  {
    "type": "mapgen",
    "nested_mapgen_id": "dmbb_barrier_plus_nested",
    "method": "json",
    "object": {
      "mapgensize": [ 24, 24 ],
      "rows": [
        "                        ",
        "           P            ",
        "          PPP           ",
        "         PP PP          ",
        "        PP   PP         ",
        "       PP     PP        ",
        "      PP       PP       ",
        "     PP         PP      ",
        "    PP           PP     ",
        "   PP             PP    ",
        "  PP               PP   ",
        " PP                 PP  ",
        "  PP               PP   ",
        "   PP             PP    ",
        "    PP           PP     ",
        "     PP         PP      ",
        "      PP       PP       ",
        "       PP     PP        ",
        "        PP   PP         ",
        "         PP PP          ",
        "          PPP           ",
        "           P            ",
        "                        ",
        "                        "
      ],
      "terrain": { "P": "t_dmbb_barrier" }
    }
  },
  {
    "type": "mapgen",
    "method": "json",
    "update_mapgen_id": "dmbb_orb_barrier_plus",
    "object": { "place_nested": [ { "chunks": [ "dmbb_barrier_plus_nested" ], "x": 0, "y": 0 } ] }
  },
  {
    "type": "mapgen",
    "method": "json",
    "update_mapgen_id": "dmbb_orb_barrier_clear",
    "object": { "place_nested": [ { "chunks": [ "dmbb_orb_barrier_clear_nested" ], "x": 0, "y": 0 } ] }
  },
  {
    "type": "mapgen",
    "nested_mapgen_id": "dmbb_orb_barrier_clear_nested",
    "method": "json",
    "object": {
      "mapgensize": [ 24, 24 ],
      "rows": [
        "........................",
        "........................",
        "........................",
        "........................",
        "........................",
        "........................",
        "........................",
        "........................",
        "........................",
        "........................",
        "..........P.P...........",
        "........................",
        "..........P.P...........",
        "........................",
        "........................",
        "........................",
        "........................",
        "........................",
        "........................",
        "........................",
        "........................",
        "........................",
        "........................",
        "........................"
      ],
      "terrain": { "P": "t_uniqmazing_fl_yellow" },
      "ter_furn_transforms": { ".": { "transform": "dmbb_clear_barrier" } }
    }
  }
]