[
  {
    "type": "enchantment",
    "id": "DMBB_ORB_ench",
    "ench_effects": [
      { "effect": "mon_dmbb_orb_immune", "intensity": 1 },
      { "effect": "webbed", "intensity": 3 },
      { "effect": "blind", "intensity": 1 },
      { "effect": "deaf", "intensity": 3 }
    ],
    "hit_you_effect": [
      {
        "id": "DMBB_ORB_atk",
        "hit_self": false,
        "message": "<color_light_red>You were touched by %2$s!</color>",
        "npc_message": "<color_light_red>%1$s were touched by %2$s!</color>"
      }
    ]
  },
  {
    "type": "enchantment",
    "id": "DMBB_ORB_START_ench",
    "intermittent_activation": {
      "effects": [
        { "frequency": "1 seconds", "spell_effects": [ { "id": "DMBB_ORB_atk_oofed" } ] },
        { "frequency": "30 seconds", "spell_effects": [ { "id": "DMBB_ORB_check_target2" } ] },
        { "frequency": "200 seconds", "spell_effects": [ { "id": "DMBB_ORB_clear_barrier" } ] }
      ]
    }
  },
  {
    "type": "enchantment",
    "id": "DMBB_ORB_penitence_ench",
    "hit_you_effect": [
      {
        "id": "DMBB_ORB_penitence_holylight",
        "hit_self": false,
        "once_in": 2,
        "message": "<color_light_green>Upon touching the orb, %2$s were struck by holy light!</color>",
        "npc_message": "<color_light_green>Upon touching the orb, %2$s were struck by holy light!</color>"
      }
    ]
  },
  {
    "type": "enchantment",
    "id": "DMBB_ORB_cleanse_ench",
    "intermittent_activation": {
      "effects": [
        { "frequency": "1 minutes", "spell_effects": [ { "id": "DMBB_ORB_cleanse_portal_target" } ] }
      ]
    }
  },
  {
    "type": "enchantment",
    "id": "DMBB_ORB_BERSERKER_will_ench",
    "hit_me_effect": [
      {
        "id": "DMBB_ORB_MERC_berserker_swill",
        "hit_self": true,
        "message": "<color_light_green>Your willpower increases!</color>",
        "npc_message": "<color_light_green>%1$s's willpower increases!</color>"
      }
    ]
  },
  {
    "type": "enchantment",
    "id": "DMBB_ORB_BARD_interrupted_ench",
    "hit_you_effect": [
      {
        "id": "DMBB_ORB_MERC_bard_oof",
        "hit_self": true,
        "message": "<color_light_red>You were interrupted by %2$s!</color>",
        "npc_message": "<color_light_red>%1$s were interrupted by %2$s!</color>"
      }
    ]
  },
  {
    "type": "enchantment",
    "id": "DMBB_ORB_BARD_battletrance_cast_ench",
    "intermittent_activation": {
      "effects": [
        { "frequency": "3 seconds", "spell_effects": [ { "id": "DMBB_ORB_MERC_bard_battletrance_cast" } ] }
      ]
    }
  },
  {
    "type": "enchantment",
    "id": "DMBB_ORB_BARD_allegro_cast_ench",
    "intermittent_activation": {
      "effects": [
        { "frequency": "3 seconds", "spell_effects": [ { "id": "DMBB_ORB_MERC_bard_allegro_cast" } ] }
      ]
    }
  },
  {
    "type": "enchantment",
    "id": "DMBB_ORB_BARD_adagio_cast_ench",
    "intermittent_activation": {
      "effects": [
        { "frequency": "3 seconds", "spell_effects": [ { "id": "DMBB_ORB_BARD_adagio_cast" } ] }
      ]
    }
  },
  {
    "type": "enchantment",
    "id": "DMBB_ORB_MAGE_manabeam_ench",
    "intermittent_activation": {
      "effects": [
        { "frequency": "30 seconds", "spell_effects": [ { "id": "DMBB_ORB_MERC_mage_manabeam_target2" } ] }
      ]
    }
  },
  {
    "type": "enchantment",
    "id": "DMBB_ORB_MAGE_manaburst_ench",
    "intermittent_activation": {
      "effects": [
        { "frequency": "45 seconds", "spell_effects": [ { "id": "DMBB_ORB_MERC_mage_manaburst_target2" } ] }
      ]
    }
  },
  {
    "type": "enchantment",
    "id": "DMBB_ORB_MAGE_stunlock_ench",
    "intermittent_activation": {
      "effects": [
        { "frequency": "20 seconds", "spell_effects": [ { "id": "DMBB_ORB_MERC_mage_stunlock_target2" } ] }
      ]
    }
  },
  {
    "type": "enchantment",
    "id": "DMBB_ORB_MAGE_battle_megamagic_ench",
    "intermittent_activation": {
      "effects": [
        { "frequency": "10 minutes", "spell_effects": [ { "id": "DMBB_ORB_MERC_mage_battle_megamagic_target2" } ] }
      ]
    }
  },
  {
    "type": "enchantment",
    "id": "DMBB_ORB_MAGE_battle_manabeam_plus_ench",
    "intermittent_activation": {
      "effects": [
        { "frequency": "1 minutes", "spell_effects": [ { "id": "DMBB_ORB_MERC_mage_battle_manabeam_plus_target2" } ] }
      ]
    }
  },
  {
    "type": "enchantment",
    "id": "DMBB_ORB_MAGE_battle_manaburst_plus_ench",
    "intermittent_activation": {
      "effects": [
        { "frequency": "90 seconds", "spell_effects": [ { "id": "DMBB_ORB_MERC_mage_battle_manaburst_plus_target2" } ] }
      ]
    }
  },
  {
    "type": "enchantment",
    "id": "DMBB_ORB_MAGE_necro_spawn_ench",
    "intermittent_activation": {
      "effects": [
        { "frequency": "2 minutes", "spell_effects": [ { "id": "DMBB_ORB_MERC_mage_necro_spawn_target2" } ] }
      ]
    }
  },
  {
    "type": "enchantment",
    "id": "DMBB_ORB_MAGE_necro_vamp_ench",
    "intermittent_activation": {
      "effects": [
        { "frequency": "45 seconds", "spell_effects": [ { "id": "DMBB_ORB_MERC_mage_necro_vamp_target2" } ] }
      ]
    }
  },
  {
    "type": "enchantment",
    "id": "DMBB_ORB_CLERIC_heal_ench",
    "intermittent_activation": {
      "effects": [
        { "frequency": "3 minutes", "spell_effects": [ { "id": "DMBB_ORB_MERC_cleric_heal_target2" } ] }
      ]
    }
  },
  {
    "type": "enchantment",
    "id": "DMBB_ORB_CLERIC_buff_ench",
    "intermittent_activation": {
      "effects": [
        { "frequency": "2 minutes", "spell_effects": [ { "id": "DMBB_ORB_MERC_cleric_buff_target2" } ] }
      ]
    }
  },
  {
    "type": "enchantment",
    "id": "DMBB_ORB_CLERIC_debuff_ench",
    "intermittent_activation": {
      "effects": [
        { "frequency": "45 seconds", "spell_effects": [ { "id": "DMBB_ORB_MERC_cleric_debuff_target2" } ] }
      ]
    }
  },
  {
    "type": "enchantment",
    "id": "DMBB_ORB_PRIEST_heal_ench",
    "intermittent_activation": {
      "effects": [
        { "frequency": "5 minutes", "spell_effects": [ { "id": "DMBB_ORB_MERC_priest_heal_target2" } ] }
      ]
    }
  },
  {
    "type": "enchantment",
    "id": "DMBB_ORB_PRIEST_qheal_ench",
    "intermittent_activation": {
      "effects": [
        { "frequency": "30 seconds", "spell_effects": [ { "id": "DMBB_ORB_MERC_priest_qheal_target2" } ] }
      ]
    }
  },
  {
    "type": "enchantment",
    "id": "DMBB_ORB_PRIEST_pure_ench",
    "intermittent_activation": {
      "effects": [
        { "frequency": "30 seconds", "spell_effects": [ { "id": "DMBB_ORB_MERC_priest_pure_target2" } ] }
      ]
    }
  },
  {
    "type": "enchantment",
    "id": "DMBB_ORB_PC_hevpro_ench",
    "hit_me_effect": [
      {
        "id": "DMBB_ORB_PC_hevpro_blight",
        "hit_self": false,
        "message": "<color_light_green>%2$s were struck by holy light!</color>",
        "npc_message": "<color_light_green>%2$s were struck by holy light!</color>"
      }
    ]
  },
  {
    "type": "enchantment",
    "id": "DMBB_ORB_PC_consecrate_ench",
    "hit_you_effect": [
      {
        "id": "DMBB_ORB_PC_consecrate_c",
        "hit_self": false,
        "once_in": 3,
        "message": "<color_light_green>You consecrate %2$s!</color>",
        "npc_message": "<color_light_green>%1$s consecrates %2$s!</color>"
      }
    ]
  }
]