[
  {
    "type": "mapgen",
    "method": "json",
    "update_mapgen_id": "dmbb_orb_food",
    "object": { "place_loot": [ { "group": "fridgesnacks", "x": [ 10, 12 ], "y": [ 10, 12 ], "repeat": [ 6, 12 ] } ] }
  },
  {
    "type": "mapgen",
    "method": "json",
    "update_mapgen_id": "dmbb_orb_melee",
    "object": { "place_loot": [ { "group": "museum_melee", "x": [ 10, 12 ], "y": [ 10, 12 ], "repeat": [ 2, 4 ] } ] }
  },
  {
    "type": "mapgen",
    "method": "json",
    "update_mapgen_id": "dmbb_orb_gunammo",
    "object": {
      "place_loot": [
        { "group": "guns_rifle_common", "x": [ 10, 12 ], "y": [ 10, 12 ] },
        { "group": "ammo_rifle_common", "x": [ 10, 12 ], "y": [ 10, 12 ], "repeat": [ 4, 7 ] }
      ]
    }
  },
  {
    "type": "mapgen",
    "method": "json",
    "update_mapgen_id": "dmbb_orb_armor",
    "object": {
      "place_loot": [
        { "group": "mil_armor", "x": [ 10, 12 ], "y": [ 10, 12 ] },
        { "group": "mil_accessories", "x": [ 10, 12 ], "y": [ 10, 12 ], "repeat": [ 1, 2 ] },
        { "group": "mil_armor_torso", "x": [ 10, 12 ], "y": [ 10, 12 ] },
        { "group": "mil_armor_helmet", "x": [ 10, 12 ], "y": [ 10, 12 ] },
        { "group": "mil_armor_pants", "x": [ 10, 12 ], "y": [ 10, 12 ] }
      ]
    }
  },
  {
    "type": "mapgen",
    "method": "json",
    "update_mapgen_id": "dmbb_orb_starter",
    "object": {
      "place_loot": [
        { "group": "gear_medical", "x": [ 10, 12 ], "y": [ 10, 12 ], "repeat": [ 1, 2 ] },
        { "group": "SUS_mannequin_outdoor", "x": [ 10, 12 ], "y": [ 10, 12 ] },
        { "group": "fridgesnacks", "x": [ 10, 12 ], "y": [ 10, 12 ], "repeat": [ 3, 6 ] },
        { "group": "museum_melee", "x": [ 10, 12 ], "y": [ 10, 12 ], "repeat": [ 1, 2 ] },
        { "group": "guns_rifle_common", "x": [ 10, 12 ], "y": [ 10, 12 ] },
        { "group": "ammo_rifle_common", "x": [ 10, 12 ], "y": [ 10, 12 ], "repeat": [ 3, 5 ] }
      ]
    }
  }
]