[
  {
    "type": "mapgen",
    "nested_mapgen_id": "dmbb_perimeter_nested",
    "method": "json",
    "object": {
      "mapgensize": [ 24, 24 ],
      "rows": [
        "                        ",
        "                        ",
        "           o            ",
        "          ooo           ",
        "         ooPoo          ",
        "        ooPPPoo         ",
        "       ooPP PPoo        ",
        "      ooPP   PPoo       ",
        "     ooPP     PPoo      ",
        "    ooPP       PPoo     ",
        "   ooPP         PPoo    ",
        "  ooPP           PPoo   ",
        "   ooPP         PPoo    ",
        "    ooPP       PPoo     ",
        "     ooPP     PPoo      ",
        "      ooPP   PPoo       ",
        "       ooPP PPoo        ",
        "        ooPPPoo         ",
        "         ooPoo          ",
        "          ooo           ",
        "           o            ",
        "                        ",
        "                        ",
        "                        "
      ],
      "terrain": { "P": "t_uniqmazing_fl_azurblue", "o": "t_uniqmazing_fl_black" }
    }
  },
  {
    "type": "mapgen",
    "method": "json",
    "update_mapgen_id": "dmbb_perimeter",
    "object": { "place_nested": [ { "chunks": [ "dmbb_perimeter_nested" ], "x": 0, "y": 0 } ] }
  },
  {
    "type": "mapgen",
    "nested_mapgen_id": "dmbb_perimeter_plus_nested",
    "method": "json",
    "object": {
      "mapgensize": [ 24, 24 ],
      "rows": [
        "           o            ",
        "          ooo           ",
        "         ooPoo          ",
        "        ooPPPoo         ",
        "       ooPP PPoo        ",
        "      ooPP   PPoo       ",
        "     ooPP     PPoo      ",
        "    ooPP       PPoo     ",
        "   ooPP         PPoo    ",
        "  ooPP           PPoo   ",
        " ooPP             PPoo  ",
        "ooPP               PPoo ",
        " ooPP             PPoo  ",
        "  ooPP           PPoo   ",
        "   ooPP         PPoo    ",
        "    ooPP       PPoo     ",
        "     ooPP     PPoo      ",
        "      ooPP   PPoo       ",
        "       ooPP PPoo        ",
        "        ooPPPoo         ",
        "         ooPoo          ",
        "          ooo           ",
        "           o            ",
        "                        "
      ],
      "terrain": { "P": "t_uniqmazing_fl_azurblue", "o": "t_uniqmazing_fl_black" }
    }
  },
  {
    "type": "mapgen",
    "method": "json",
    "update_mapgen_id": "dmbb_perimeter_plus",
    "object": { "place_nested": [ { "chunks": [ "dmbb_perimeter_plus_nested" ], "x": 0, "y": 0 } ] }
  },
  {
    "type": "mapgen",
    "nested_mapgen_id": "dmbb_perimeter_plusultra_nested",
    "method": "json",
    "object": {
      "mapgensize": [ 24, 24 ],
      "rows": [
        "          ooo           ",
        "         ooPoo          ",
        "        ooP Poo         ",
        "       ooP   Poo        ",
        "      ooP     Poo       ",
        "     ooP       Poo      ",
        "    ooP         Poo     ",
        "   ooP           Poo    ",
        "  ooP             Poo   ",
        " ooP               Poo  ",
        "ooP                 Poo ",
        "oP                   Poo",
        "ooP                 Poo ",
        " ooP               Poo  ",
        "  ooP             Poo   ",
        "   ooP           Poo    ",
        "    ooP         Poo     ",
        "     ooP       Poo      ",
        "      ooP     Poo       ",
        "       ooP   Poo        ",
        "        ooP Poo         ",
        "         ooPoo          ",
        "          ooo           ",
        "                        "
      ],
      "terrain": { "P": "t_uniqmazing_fl_azurblue", "o": "t_uniqmazing_fl_black" }
    }
  },
  {
    "type": "mapgen",
    "method": "json",
    "update_mapgen_id": "dmbb_perimeter_plusultra",
    "object": { "place_nested": [ { "chunks": [ "dmbb_perimeter_plusultra_nested" ], "x": 0, "y": 0 } ] }
  }
]