[
  {
    "type": "effect_type",
    "id": "mon_dmbb_orb_immune",
    "removes_effects": [ "bleed", "infected", "bite", "stunned", "downed", "poison", "badpoison", "smoke", "boomered", "glowing", "taint", "visuals", "dazed" ],
    "blocks_effects": [ "bleed", "infected", "bite", "stunned", "downed", "poison", "badpoison", "smoke", "boomered", "glowing", "taint", "visuals", "dazed" ],
    "flags": [
      "EFFECT_ELECTRIC_IMMUNE",
      "EFFECT_BASH_IMMUNE",
      "EFFECT_CUT_IMMUNE",
      "EFFECT_ACID_IMMUNE",
      "EFFECT_STAB_IMMUNE",
      "EFFECT_HEAT_IMMUNE",
      "EFFECT_COLD_IMMUNE"
    ]
  },
  {
    "type": "effect_type",
    "id": "DMBB_ORB_act_blizzard_iced",
    "name": [ "Slowed" ],
    "base_mods": { "speed_mod": [ -80 ], "hurt_min": [ 1 ], "hurt_tick": [ 5 ] }
  },
  {
    "type": "effect_type",
    "id": "DMBB_ORB_act_blizzard_iced",
    "name": [ "Slowed" ],
    "base_mods": { "speed_mod": [ -80 ], "hurt_min": [ 1 ], "hurt_tick": [ 5 ] }
  },
  {
    "type": "effect_type",
    "id": "mon_dmbb_orb_damage",
    "base_mods": { "hurt_min": [ 100 ] }
  },
  {
    "type": "effect_type",
    "id": "mon_dmbb_orb_damaged",
    "base_mods": { "hurt_min": [ 5 ] }
  },
  {
    "type": "effect_type",
    "id": "mon_dmbb_orb_consecrate",
    "base_mods": { "hurt_min": [ 30 ] }
  },
  {
    "type": "effect_type",
    "id": "mon_dmbb_orb_heal",
    "base_mods": { "hurt_min": [ -5 ], "pain_min": [ -1 ], "pain_max": [ 0 ] }
  },
  {
    "type": "effect_type",
    "id": "mon_dmbb_orb_heal_plus",
    "base_mods": { "hurt_min": [ -20 ], "pain_min": [ -2 ], "pain_max": [ 0 ] }
  },
  {
    "type": "effect_type",
    "id": "mon_dmbb_orb_pure_immune",
    "removes_effects": [
      "bleed",
      "infected",
      "bite",
      "stunned",
      "poison",
      "badpoison",
      "fearparalyze",
      "boomered",
      "glowing",
      "nausea",
      "paralyzepoison",
      "deaf",
      "blind",
      "dazed"
    ],
    "blocks_effects": [
      "bleed",
      "infected",
      "bite",
      "stunned",
      "downed",
      "poison",
      "badpoison",
      "fearparalyze",
      "boomered",
      "glowing",
      "nausea",
      "paralyzepoison",
      "deaf",
      "blind",
      "dazed"
    ]
  },
  {
    "type": "effect_type",
    "id": "mon_dmbb_orb_cleansed",
    "base_mods": { "hurt_min": [ 30 ] }
  },
  {
    "type": "effect_type",
    "id": "dmbb_act_blindingflash_cd",
    "remove_message": "\"Blinding Flash\" is ready!",
    "rating": "bad"
  },
  {
    "type": "effect_type",
    "id": "dmbb_act_shockstorm_cd",
    "remove_message": "\"Shockstorm\" is ready!",
    "rating": "bad"
  },
  {
    "type": "effect_type",
    "id": "dmbb_act_inferno_cd",
    "remove_message": "\"Inferno\" is ready!",
    "rating": "bad"
  },
  {
    "type": "effect_type",
    "id": "dmbb_act_blizzard_cd",
    "remove_message": "\"Blizzard\" is ready!",
    "rating": "bad"
  },
  {
    "type": "effect_type",
    "id": "dmbb_act_barrier_cd",
    "remove_message": "\"Barrier\" is ready!",
    "rating": "bad"
  },
  {
    "type": "effect_type",
    "id": "dmbb_act_judgment_cd",
    "remove_message": "\"Judgment\" is ready!",
    "rating": "bad"
  },
  {
    "type": "effect_type",
    "id": "mon_dmbb_orb_merc_berserker_swill",
    "name": [ "Strong Will" ],
    "desc": [ "Damage you have taken became willpower!" ],
    "show_in_info": true,
    "rating": "good",
    "int_add_val": 1,
    "int_dur_factor": "30 seconds",
    "max_intensity": 11,
    "int_decay_step": -3,
    "int_decay_tick": 60,
    "max_duration": 330,
    "base_mods": { "int_mod": [ -2 ], "str_mod": [ 1 ] },
    "scaling_mods": { "speed_mod": [ 1 ], "str_mod": [ 0.4 ], "dex_mod": [ 0.15 ], "int_mod": [ -0.5 ], "stamina_min": [ 2 ] }
  },
  {
    "type": "effect_type",
    "id": "mon_dmbb_orb_merc_berserker_swill_regen",
    "int_add_val": 1,
    "int_dur_factor": "30 seconds",
    "max_intensity": 11,
    "int_decay_step": -10,
    "int_decay_tick": 60,
    "max_duration": 330,
    "base_mods": { "hurt_min": [ -1 ], "hurt_tick": [ 15 ], "pain_min": [ -1 ], "pain_chance": [ 5 ], "pain_tick": [ 10 ] },
    "scaling_mods": { "hurt_tick": [ -1 ], "pain_tick": [ -0.5 ] }
  },
  {
    "type": "effect_type",
    "id": "mon_dmbb_orb_merc_bard_wait"
  },
  {
    "type": "effect_type",
    "id": "mon_dmbb_orb_merc_bard_interrupt",
    "removes_effects": [ "mon_dmbb_orb_merc_bard_battletrance", "mon_dmbb_orb_merc_bard_allegro", "mon_dmbb_orb_merc_bard_adagio" ],
    "blocks_effects": [ "mon_dmbb_orb_merc_bard_battletrance", "mon_dmbb_orb_merc_bard_allegro", "mon_dmbb_orb_merc_bard_adagio" ]
  },
  {
    "type": "effect_type",
    "id": "mon_dmbb_orb_merc_bard_battletrance",
    "name": [ "Battle Trance" ],
    "desc": [ "The bard's song has given you strength!" ],
    "apply_message": "You feel a sudden surge of power!",
    "remove_message": "The bard has stopped from playing their instrument!",
    "rating": "good",
    "base_mods": { "per_mod": [ 1 ], "dex_mod": [ 1 ], "str_mod": [ 3 ], "speed_mod": [ 5 ], "stamina_min": [ 5 ] }
  },
  {
    "type": "effect_type",
    "id": "mon_dmbb_orb_merc_bard_allegro",
    "name": [ "Allegro" ],
    "desc": [ "The bard's fast-paced song has given you a haste!" ],
    "apply_message": "You feel hasty all of a sudden!",
    "remove_message": "The bard has stopped from playing their instrument!",
    "rating": "good",
    "base_mods": { "dex_mod": [ 3 ], "speed_mod": [ 20 ], "stamina_min": [ 25 ] }
  },
  {
    "type": "effect_type",
    "id": "mon_dmbb_orb_merc_bard_adagio",
    "name": [ "Adagio" ],
    "desc": [ "The bard's soothing harmony alleviates your pain!" ],
    "apply_message": "You feel your pain slowly fade away!",
    "remove_message": "The bard has stopped from playing their instrument!",
    "rating": "good",
    "base_mods": { "pain_min": [ -1 ], "pain_chance": [ 10 ] }
  },
  {
    "type": "effect_type",
    "id": "mon_dmbb_orb_merc_mage_necro_heal",
    "rating": "good",
    "apply_message": "The necromancer infused you with some lifeforce!",
    "base_mods": { "hurt_min": [ -3 ], "pain_min": [ -1 ], "pain_chance": [ 8 ] }
  },
  {
    "type": "effect_type",
    "id": "mon_dmbb_orb_merc_cleric_heal",
    "rating": "good",
    "removes_effects": [ "bleed", "infected", "bite", "poison", "badpoison" ],
    "blocks_effects": [ "bleed", "infected", "bite", "poison", "badpoison" ],
    "apply_message": "The cleric healed you with a spell!",
    "base_mods": { "hurt_min": [ -5 ], "pain_min": [ -1 ], "pain_chance": [ 3 ] }
  },
  {
    "type": "effect_type",
    "id": "mon_dmbb_orb_merc_cleric_buff",
    "name": [ "Cleric's Blessing" ],
    "desc": [ "The cleric has blessed you with great power!" ],
    "apply_message": "You are blessed by the cleric!",
    "remove_message": "The cleric's blessing fades away.",
    "rating": "good",
    "max_duration": 45,
    "base_mods": { "per_mod": [ 3 ], "dex_mod": [ 3 ], "str_mod": [ 3 ], "speed_mod": [ 10 ], "stamina_min": [ 10 ] }
  },
  {
    "type": "effect_type",
    "id": "mon_dmbb_orb_merc_cleric_debuff",
    "name": [ "Scorn" ],
    "rating": "bad",
    "max_duration": 60,
    "show_in_info": true,
    "base_mods": { "bash_mod": [ -5 ], "cut_mod": [ -5 ] }
  },
  {
    "type": "effect_type",
    "id": "mon_dmbb_orb_merc_priest_heal",
    "rating": "good",
    "removes_effects": [ "bleed", "infected", "bite", "stunned", "downed", "poison", "badpoison", "smoke", "boomered", "glowing", "taint", "visuals" ],
    "blocks_effects": [ "bleed", "infected", "bite", "stunned", "downed", "poison", "badpoison", "smoke", "boomered", "glowing", "taint", "visuals" ],
    "apply_message": "The priest has mended your deep injuries and ailments with a spell!",
    "base_mods": { "hurt_min": [ -20 ], "pain_min": [ -2 ] }
  },
  {
    "type": "effect_type",
    "id": "mon_dmbb_orb_merc_priest_qheal",
    "rating": "good",
    "apply_message": "The priest healed you with a spell!",
    "base_mods": { "hurt_min": [ -2 ], "pain_min": [ -1 ], "pain_chance": [ 10 ] }
  },
  {
    "type": "effect_type",
    "id": "mon_dmbb_orb_merc_priest_pure",
    "rating": "good",
    "removes_effects": [ "bleed", "infected", "bite", "stunned", "downed", "poison", "badpoison", "smoke", "boomered", "glowing", "taint", "visuals" ],
    "blocks_effects": [ "bleed", "infected", "bite", "stunned", "downed", "poison", "badpoison", "smoke", "boomered", "glowing", "taint", "visuals" ],
    "apply_message": "The priest has cleansed your body off of ailments with a spell!"
  }
]
