[
  {
    "note": "We've got tons of monster targeting stuff. This is to make sure the caster doesn't cast spells with the orb always triggering them.",
    "id": "DMBB_ORB_MERC_berserker_swill_regen",
    "type": "SPELL",
    "name": "Strong Will - Regen",
    "description": "\"Yes! I am stronk!\"", "message": "",
    "valid_targets": [ "self" ],
    "min_duration": 1000,
    "effect": "target_attack",
    "effect_str": "mon_dmbb_orb_merc_berserker_swill_regen",
    "affected_body_parts": [ "HEAD", "TORSO", "ARM_L", "ARM_R", "LEG_L", "LEG_R" ],
    "flags": [ "SILENT" ]
  },
  {
    "id": "DMBB_ORB_MERC_berserker_swill",
    "type": "SPELL",
    "name": "Strong Will",
    "description": "\"Ouch! Thank you, here's your change!\"", "message": "",
    "valid_targets": [ "self" ],
    "min_duration": 1000,
    "effect": "target_attack",
    "effect_str": "mon_dmbb_orb_merc_berserker_swill",
    "extra_effects": [ { "id": "DMBB_ORB_MERC_berserker_swill_regen", "hit_self": true } ],
    "flags": [ "SILENT" ]
  },
  {
    "id": "DMBB_ORB_MERC_bard_oofed",
    "type": "SPELL",
    "name": "OMFG",
    "description": "\"Aight! I'm done! Goodbye!\"", "message": "",
    "valid_targets": [ "self" ],
    "min_damage": 10000,
    "max_damage": 10000,
    "effect": "mutate",
    "effect_str": "DMBB_ORB_BARD_interrupt",
    "flags": [ "SILENT","RANDOM_TARGET", "MUTATE_TRAIT" ]
  },
  {
    "id": "DMBB_ORB_MERC_bard_oof",
    "type": "SPELL",
    "name": "Stop",
    "description": "\"Oh god! Oh fuck!\"", "message": "",
    "valid_targets": [ "ally", "self" ],
    "min_aoe": 69,
    "effect": "target_attack",
    "effect_str": "mon_dmbb_orb_merc_bard_interrupt",
    "extra_effects": [ { "id": "DMBB_ORB_MERC_bard_oofed", "hit_self": true } ],
    "flags": [ "SILENT","RANDOM_TARGET" ]
  },
  {
    "id": "DMBB_ORB_MERC_bard_battletrance",
    "type": "SPELL",
    "name": "Battle Trance",
    "description": "\"Poke me and I will literally stop!\"", "message": "",
    "valid_targets": [ "self" ],
    "min_damage": 10000,
    "max_damage": 10000,
    "effect": "mutate",
    "effect_str": "DMBB_ORB_BARD_battletrance",
    "flags": [ "SILENT","RANDOM_TARGET", "MUTATE_TRAIT" ]
  },
  {
    "id": "DMBB_ORB_MERC_bard_battletrance_cast",
    "type": "SPELL",
    "name": "Battle Trance",
    "description": "\"Just fight, cunts!\"", "message": "",
    "valid_targets": [ "ally", "self" ],
    "min_aoe": 69,
    "min_duration": 99999999,
    "effect": "target_attack",
    "effect_str": "mon_dmbb_orb_merc_bard_battletrance",
    "extra_effects": [ { "id": "DMBB_ORB_MERC_bard_battletrance", "hit_self": true } ],
    "flags": [ "SILENT","RANDOM_TARGET" ]
  },
  {
    "id": "DMBB_ORB_MERC_bard_allegro",
    "type": "SPELL",
    "name": "Allegro",
    "description": "\"Poke me and I will literally stop!\"", "message": "",
    "valid_targets": [ "self" ],
    "min_damage": 10000,
    "max_damage": 10000,
    "effect": "mutate",
    "effect_str": "DMBB_ORB_BARD_allegro",
    "flags": [ "SILENT","RANDOM_TARGET", "MUTATE_TRAIT" ]
  },
  {
    "id": "DMBB_ORB_MERC_bard_allegro_cast",
    "type": "SPELL",
    "name": "Allegro",
    "description": "\"Just fight, cunts!\"", "message": "",
    "valid_targets": [ "ally", "self" ],
    "min_aoe": 69,
    "min_duration": 99999999,
    "effect": "target_attack",
    "effect_str": "mon_dmbb_orb_merc_bard_allegro",
    "extra_effects": [ { "id": "DMBB_ORB_MERC_bard_allegro", "hit_self": true } ],
    "flags": [ "SILENT","RANDOM_TARGET" ]
  },
  {
    "id": "DMBB_ORB_MERC_bard_adagio",
    "type": "SPELL",
    "name": "Adagio",
    "description": "\"Poke me and I will literally stop!\"", "message": "",
    "valid_targets": [ "self" ],
    "min_damage": 10000,
    "max_damage": 10000,
    "effect": "mutate",
    "effect_str": "DMBB_ORB_BARD_adagio",
    "flags": [ "SILENT","RANDOM_TARGET", "MUTATE_TRAIT" ]
  },
  {
    "id": "DMBB_ORB_MERC_bard_adagio_cast",
    "type": "SPELL",
    "name": "Adagio",
    "description": "\"Just fight, cunts!\"", "message": "",
    "valid_targets": [ "ally", "self" ],
    "min_aoe": 69,
    "min_duration": 99999999,
    "effect": "target_attack",
    "effect_str": "mon_dmbb_orb_merc_bard_adagio",
    "extra_effects": [ { "id": "DMBB_ORB_MERC_bard_adagio", "hit_self": true } ],
    "flags": [ "SILENT","RANDOM_TARGET" ]
  },
  {
    "id": "DMBB_ORB_MERC_mage_manabeam",
    "type": "SPELL",
    "name": "Mana Beam",
    "description": "\"Taste my mana!\"", "message": "",
    "valid_targets": [ "hostile" ],
    "min_damage": 20,
    "max_damage": 40,
    "min_range": 20,
    "effect": "target_attack",
    "sound_type": "combat",
    "sound_ambient": true,
    "sound_id": "reload",  
	"sound_variant": "thunder_sigil",   "sound_description": "a zing!",
    "targeted_monster_ids": [
      "mon_zombie",
      "mon_beekeeper",
      "mon_zombie_cop",
      "mon_zombie_fireman",
      "mon_zombie_hazmat",
      "mon_zombie_resort_dancer",
      "mon_zombie_resort_bouncer",
      "mon_zombie_resort_staff",
      "mon_zombie_rot",
      "mon_zombie_prisoner",
      "mon_zombie_grabber",
      "mon_zombie_runner",
      "mon_zombie_shady",
      "mon_zombie_shrieker",
      "mon_zombie_swimmer",
      "mon_zombie_technician",
      "mon_zombie_labsecurity",
      "mon_zombie_swat",
      "mon_zombie_fat",
      "mon_zombie_tough",
      "mon_zombie_crawler",
      "mon_skeleton", 
      "mon_skeleton_electric",
      "mon_skeleton_brute",
      "mon_skeleton_hulk",
      "mon_zombie_survivor",
      "mon_zombie_biter",
      "mon_zombie_brainless",
      "mon_zombie_ears",
      "mon_zombie_skull",
      "mon_zombie_brute",
      "mon_zombie_brute_grappler",
      "mon_zombie_brute_ninja",
      "mon_zombie_grappler",
      "mon_zombie_hollow",
      "mon_zombie_hulk",
      "mon_zombie_hunter",
      "mon_zombie_mancroc",
      "mon_zombie_master",
      "mon_zombie_necro",
      "mon_zombie_predator",
      "mon_zombie_screecher",
      "mon_zombie_thorny",
      "mon_zombie_smoker",
      "mon_zombie_anklebiter",
      "mon_zombie_child",
      "mon_zombie_creepy",
      "mon_zombie_shriekling",
      "mon_zombie_snotgobbler",
      "mon_zombie_sproglodyte",
      "mon_zombie_waif",
      "mon_zombie_brute_shocker",
      "mon_zombie_electric",
      "mon_zombie_nullfield",
      "mon_zombie_static",
      "mon_zombie_scientist",
      "mon_zombie_dog",
      "mon_dog_skeleton",
      "mon_dog_zombie_cop",
      "mon_dog_zombie_rot",
      "mon_zombie_wretched",
      "mon_zombie_corrosive",
      "mon_zombie_acidic",
      "mon_zombie_survivor_elite",
      "mon_zombie_bio_op",
      "mon_zombie_military_pilot",
      "mon_zombie_kevlar_2",
      "mon_zombie_kevlar_1",
      "mon_zombie_soldier_acid_2",
      "mon_zombie_soldier_acid_1",
      "mon_zombie_soldier_blackops_2",
      "mon_zombie_soldier_blackops_1",
      "mon_zombie_soldier",
      "mon_zougar",
      "mon_zoose",
      "mon_zombeaver",
      "mon_zombie_pig",
      "mon_zombear",
      "mon_zolf",
      "mon_giant_cockroach",
      "mon_pregnant_giant_cockroach",
      "mon_giant_cockroach_nymph",
      "mon_hunting_horror",
      "mon_flaming_eye",
      "mon_kreck",
      "mon_gozu",
      "mon_blob_small",
      "mon_blob",
      "mon_blob_large",
      "mon_mi_go",
      "mon_mi_go_guard",
      "mon_mi_go_slaver",
      "mon_mi_go_scout"
    ],
    "flags": [ "LOUD","RANDOM_DAMAGE", "RANDOM_TARGET" ]
  },
  {
    "id": "DMBB_ORB_MERC_mage_manabeam_target1",
    "type": "SPELL",
    "name": "Target",
    "description": "Then hostiles.",
    "valid_targets": [ "hostile" ],
    "extra_effects": [ { "id": "DMBB_ORB_MERC_mage_manabeam", "hit_self": true } ],
    "min_range": 20,
    "effect": "target_attack",
    "flags": [ "SILENT","RANDOM_TARGET" ]
  },
  {
    "id": "DMBB_ORB_MERC_mage_manabeam_target2",
    "type": "SPELL",
    "name": "Target",
    "description": "Targets self.",
    "valid_targets": [ "self" ],
    "extra_effects": [ { "id": "DMBB_ORB_MERC_mage_manabeam_target1" } ],
    "effect": "target_attack"
  },
  {
    "id": "DMBB_ORB_MERC_mage_manaburst",
    "type": "SPELL",
    "name": "Mana Burst",
    "description": "\"Taste my mana! All of you!\"", "message": "",
    "valid_targets": [ "hostile" ],
    "min_damage": 8,
    "max_damage": 16,
    "min_range": 20,
    "min_aoe": 2,
    "effect": "target_attack",
    "sound_type": "combat",
    "sound_ambient": true,
    "sound_id": "reload",  
	"sound_variant": "thunder_sigil",   "sound_description": "a zing!",
    "targeted_monster_ids": [
      "mon_zombie",
      "mon_beekeeper",
      "mon_zombie_cop",
      "mon_zombie_fireman",
      "mon_zombie_hazmat",
      "mon_zombie_resort_dancer",
      "mon_zombie_resort_bouncer",
      "mon_zombie_resort_staff",
      "mon_zombie_rot",
      "mon_zombie_prisoner",
      "mon_zombie_grabber",
      "mon_zombie_runner",
      "mon_zombie_shady",
      "mon_zombie_shrieker",
      "mon_zombie_swimmer",
      "mon_zombie_technician",
      "mon_zombie_labsecurity",
      "mon_zombie_swat",
      "mon_zombie_fat",
      "mon_zombie_tough",
      "mon_zombie_crawler",
      "mon_skeleton", 
      "mon_skeleton_electric",
      "mon_skeleton_brute",
      "mon_skeleton_hulk",
      "mon_zombie_survivor",
      "mon_zombie_biter",
      "mon_zombie_brainless",
      "mon_zombie_ears",
      "mon_zombie_skull",
      "mon_zombie_brute",
      "mon_zombie_brute_grappler",
      "mon_zombie_brute_ninja",
      "mon_zombie_grappler",
      "mon_zombie_hollow",
      "mon_zombie_hulk",
      "mon_zombie_hunter",
      "mon_zombie_mancroc",
      "mon_zombie_master",
      "mon_zombie_necro",
      "mon_zombie_predator",
      "mon_zombie_screecher",
      "mon_zombie_thorny",
      "mon_zombie_smoker",
      "mon_zombie_anklebiter",
      "mon_zombie_child",
      "mon_zombie_creepy",
      "mon_zombie_shriekling",
      "mon_zombie_snotgobbler",
      "mon_zombie_sproglodyte",
      "mon_zombie_waif",
      "mon_zombie_brute_shocker",
      "mon_zombie_electric",
      "mon_zombie_nullfield",
      "mon_zombie_static",
      "mon_zombie_scientist",
      "mon_zombie_dog",
      "mon_dog_skeleton",
      "mon_dog_zombie_cop",
      "mon_dog_zombie_rot",
      "mon_zombie_wretched",
      "mon_zombie_corrosive",
      "mon_zombie_acidic",
      "mon_zombie_survivor_elite",
      "mon_zombie_bio_op",
      "mon_zombie_military_pilot",
      "mon_zombie_kevlar_2",
      "mon_zombie_kevlar_1",
      "mon_zombie_soldier_acid_2",
      "mon_zombie_soldier_acid_1",
      "mon_zombie_soldier_blackops_2",
      "mon_zombie_soldier_blackops_1",
      "mon_zombie_soldier",
      "mon_zougar",
      "mon_zoose",
      "mon_zombeaver",
      "mon_zombie_pig",
      "mon_zombear",
      "mon_zolf",
      "mon_giant_cockroach",
      "mon_pregnant_giant_cockroach",
      "mon_giant_cockroach_nymph",
      "mon_hunting_horror",
      "mon_flaming_eye",
      "mon_kreck",
      "mon_gozu",
      "mon_blob_small",
      "mon_blob",
      "mon_blob_large",
      "mon_mi_go",
      "mon_mi_go_guard",
      "mon_mi_go_slaver",
      "mon_mi_go_scout"
    ],
    "flags": [ "LOUD","RANDOM_DAMAGE", "RANDOM_TARGET" ]
  },
  {
    "id": "DMBB_ORB_MERC_mage_manaburst_target1",
    "type": "SPELL",
    "name": "Target",
    "description": "Then hostiles.",
    "valid_targets": [ "hostile" ],
    "extra_effects": [ { "id": "DMBB_ORB_MERC_mage_manaburst", "hit_self": true } ],
    "min_range": 20,
    "effect": "target_attack",
    "flags": [ "SILENT","RANDOM_TARGET" ]
  },
  {
    "id": "DMBB_ORB_MERC_mage_manaburst_target2",
    "type": "SPELL",
    "name": "Target",
    "description": "Targets self.",
    "valid_targets": [ "self" ],
    "extra_effects": [ { "id": "DMBB_ORB_MERC_mage_manaburst_target1" } ],
    "effect": "target_attack"
  },
  {
    "id": "DMBB_ORB_MERC_mage_stunlock",
    "type": "SPELL",
    "name": "Stunlock",
    "description": "\"Stay calm!\"", "message": "",
    "valid_targets": [ "hostile" ],
    "min_range": 15,
    "min_duration": 500,
    "effect": "target_attack",
    "effect_str": "stunned",
    "sound_type": "combat",
    "sound_ambient": true,
    "sound_id": "reload",  
	"sound_variant": "thunder_sigil",   "sound_description": "a zing!",
    "targeted_monster_ids": [
      "mon_zombie",
      "mon_beekeeper",
      "mon_zombie_cop",
      "mon_zombie_fireman",
      "mon_zombie_hazmat",
      "mon_zombie_resort_dancer",
      "mon_zombie_resort_bouncer",
      "mon_zombie_resort_staff",
      "mon_zombie_rot",
      "mon_zombie_prisoner",
      "mon_zombie_grabber",
      "mon_zombie_runner",
      "mon_zombie_shady",
      "mon_zombie_shrieker",
      "mon_zombie_swimmer",
      "mon_zombie_technician",
      "mon_zombie_labsecurity",
      "mon_zombie_swat",
      "mon_zombie_fat",
      "mon_zombie_tough",
      "mon_zombie_crawler",
      "mon_skeleton", 
      "mon_skeleton_electric",
      "mon_skeleton_brute",
      "mon_skeleton_hulk",
      "mon_zombie_survivor",
      "mon_zombie_biter",
      "mon_zombie_brainless",
      "mon_zombie_ears",
      "mon_zombie_skull",
      "mon_zombie_brute",
      "mon_zombie_brute_grappler",
      "mon_zombie_brute_ninja",
      "mon_zombie_grappler",
      "mon_zombie_hollow",
      "mon_zombie_hulk",
      "mon_zombie_hunter",
      "mon_zombie_mancroc",
      "mon_zombie_master",
      "mon_zombie_necro",
      "mon_zombie_predator",
      "mon_zombie_screecher",
      "mon_zombie_thorny",
      "mon_zombie_smoker",
      "mon_zombie_anklebiter",
      "mon_zombie_child",
      "mon_zombie_creepy",
      "mon_zombie_shriekling",
      "mon_zombie_snotgobbler",
      "mon_zombie_sproglodyte",
      "mon_zombie_waif",
      "mon_zombie_brute_shocker",
      "mon_zombie_electric",
      "mon_zombie_nullfield",
      "mon_zombie_static",
      "mon_zombie_scientist",
      "mon_zombie_dog",
      "mon_dog_skeleton",
      "mon_dog_zombie_cop",
      "mon_dog_zombie_rot",
      "mon_zombie_wretched",
      "mon_zombie_corrosive",
      "mon_zombie_acidic",
      "mon_zombie_survivor_elite",
      "mon_zombie_bio_op",
      "mon_zombie_military_pilot",
      "mon_zombie_kevlar_2",
      "mon_zombie_kevlar_1",
      "mon_zombie_soldier_acid_2",
      "mon_zombie_soldier_acid_1",
      "mon_zombie_soldier_blackops_2",
      "mon_zombie_soldier_blackops_1",
      "mon_zombie_soldier",
      "mon_zougar",
      "mon_zoose",
      "mon_zombeaver",
      "mon_zombie_pig",
      "mon_zombear",
      "mon_zolf",
      "mon_giant_cockroach",
      "mon_pregnant_giant_cockroach",
      "mon_giant_cockroach_nymph",
      "mon_hunting_horror",
      "mon_flaming_eye",
      "mon_kreck",
      "mon_gozu",
      "mon_blob_small",
      "mon_blob",
      "mon_blob_large",
      "mon_mi_go",
      "mon_mi_go_guard",
      "mon_mi_go_slaver",
      "mon_mi_go_scout"
    ],
    "flags": [ "LOUD","RANDOM_TARGET" ]
  },
  {
    "id": "DMBB_ORB_MERC_mage_stunlock_target1",
    "type": "SPELL",
    "name": "Target",
    "description": "Then hostiles.",
    "valid_targets": [ "hostile" ],
    "extra_effects": [ { "id": "DMBB_ORB_MERC_mage_stunlock", "hit_self": true } ],
    "min_range": 20,
    "effect": "target_attack",
    "targeted_monster_ids": [
      "mon_zombie",
      "mon_beekeeper",
      "mon_zombie_cop",
      "mon_zombie_fireman",
      "mon_zombie_hazmat",
      "mon_zombie_resort_dancer",
      "mon_zombie_resort_bouncer",
      "mon_zombie_resort_staff",
      "mon_zombie_rot",
      "mon_zombie_prisoner",
      "mon_zombie_grabber",
      "mon_zombie_runner",
      "mon_zombie_shady",
      "mon_zombie_shrieker",
      "mon_zombie_swimmer",
      "mon_zombie_technician",
      "mon_zombie_labsecurity",
      "mon_zombie_swat",
      "mon_zombie_fat",
      "mon_zombie_tough",
      "mon_zombie_crawler",
      "mon_skeleton", 
      "mon_skeleton_electric",
      "mon_skeleton_brute",
      "mon_skeleton_hulk",
      "mon_zombie_survivor",
      "mon_zombie_biter",
      "mon_zombie_brainless",
      "mon_zombie_ears",
      "mon_zombie_skull",
      "mon_zombie_brute",
      "mon_zombie_brute_grappler",
      "mon_zombie_brute_ninja",
      "mon_zombie_grappler",
      "mon_zombie_hollow",
      "mon_zombie_hulk",
      "mon_zombie_hunter",
      "mon_zombie_mancroc",
      "mon_zombie_master",
      "mon_zombie_necro",
      "mon_zombie_predator",
      "mon_zombie_screecher",
      "mon_zombie_thorny",
      "mon_zombie_smoker",
      "mon_zombie_anklebiter",
      "mon_zombie_child",
      "mon_zombie_creepy",
      "mon_zombie_shriekling",
      "mon_zombie_snotgobbler",
      "mon_zombie_sproglodyte",
      "mon_zombie_waif",
      "mon_zombie_brute_shocker",
      "mon_zombie_electric",
      "mon_zombie_nullfield",
      "mon_zombie_static",
      "mon_zombie_scientist",
      "mon_zombie_dog",
      "mon_dog_skeleton",
      "mon_dog_zombie_cop",
      "mon_dog_zombie_rot",
      "mon_zombie_wretched",
      "mon_zombie_corrosive",
      "mon_zombie_acidic",
      "mon_zombie_survivor_elite",
      "mon_zombie_bio_op",
      "mon_zombie_military_pilot",
      "mon_zombie_kevlar_2",
      "mon_zombie_kevlar_1",
      "mon_zombie_soldier_acid_2",
      "mon_zombie_soldier_acid_1",
      "mon_zombie_soldier_blackops_2",
      "mon_zombie_soldier_blackops_1",
      "mon_zombie_soldier",
      "mon_zougar",
      "mon_zoose",
      "mon_zombeaver",
      "mon_zombie_pig",
      "mon_zombear",
      "mon_zolf",
      "mon_giant_cockroach",
      "mon_pregnant_giant_cockroach",
      "mon_giant_cockroach_nymph",
      "mon_hunting_horror",
      "mon_flaming_eye",
      "mon_kreck",
      "mon_gozu",
      "mon_blob_small",
      "mon_blob",
      "mon_blob_large",
      "mon_mi_go",
      "mon_mi_go_guard",
      "mon_mi_go_slaver",
      "mon_mi_go_scout"
    ],
    "flags": [ "SILENT","RANDOM_TARGET" ]
  },
  {
    "id": "DMBB_ORB_MERC_mage_stunlock_target2",
    "type": "SPELL",
    "name": "Target",
    "description": "Targets self.",
    "valid_targets": [ "self" ],
    "extra_effects": [ { "id": "DMBB_ORB_MERC_mage_stunlock_target1" } ],
    "effect": "target_attack"
  },
  {
    "id": "DMBB_ORB_MERC_mage_battle_megamagic",
    "type": "SPELL",
    "name": "Megamagic",
    "description": "\"Pew! Goodbye!\"", "message": "",
    "valid_targets": [ "hostile" ],
    "min_damage": 500,
    "max_damage": 1000,
    "min_range": 20,
    "min_aoe": 5,
    "effect": "line_attack",
    "sound_type": "combat",
    "sound_ambient": true,
    "sound_id": "fire_gun",  
	"sound_variant": "thunder_sigil",   "sound_description": "a zing!",
    "targeted_monster_ids": [
      "mon_zombie",
      "mon_beekeeper",
      "mon_zombie_cop",
      "mon_zombie_fireman",
      "mon_zombie_hazmat",
      "mon_zombie_resort_dancer",
      "mon_zombie_resort_bouncer",
      "mon_zombie_resort_staff",
      "mon_zombie_rot",
      "mon_zombie_prisoner",
      "mon_zombie_grabber",
      "mon_zombie_runner",
      "mon_zombie_shady",
      "mon_zombie_shrieker",
      "mon_zombie_swimmer",
      "mon_zombie_technician",
      "mon_zombie_labsecurity",
      "mon_zombie_swat",
      "mon_zombie_fat",
      "mon_zombie_tough",
      "mon_zombie_crawler",
      "mon_skeleton", 
      "mon_skeleton_electric",
      "mon_skeleton_brute",
      "mon_skeleton_hulk",
      "mon_zombie_survivor",
      "mon_zombie_biter",
      "mon_zombie_brainless",
      "mon_zombie_ears",
      "mon_zombie_skull",
      "mon_zombie_brute",
      "mon_zombie_brute_grappler",
      "mon_zombie_brute_ninja",
      "mon_zombie_grappler",
      "mon_zombie_hollow",
      "mon_zombie_hulk",
      "mon_zombie_hunter",
      "mon_zombie_mancroc",
      "mon_zombie_master",
      "mon_zombie_necro",
      "mon_zombie_predator",
      "mon_zombie_screecher",
      "mon_zombie_thorny",
      "mon_zombie_smoker",
      "mon_zombie_anklebiter",
      "mon_zombie_child",
      "mon_zombie_creepy",
      "mon_zombie_shriekling",
      "mon_zombie_snotgobbler",
      "mon_zombie_sproglodyte",
      "mon_zombie_waif",
      "mon_zombie_brute_shocker",
      "mon_zombie_electric",
      "mon_zombie_nullfield",
      "mon_zombie_static",
      "mon_zombie_scientist",
      "mon_zombie_dog",
      "mon_dog_skeleton",
      "mon_dog_zombie_cop",
      "mon_dog_zombie_rot",
      "mon_zombie_wretched",
      "mon_zombie_corrosive",
      "mon_zombie_acidic",
      "mon_zombie_survivor_elite",
      "mon_zombie_bio_op",
      "mon_zombie_military_pilot",
      "mon_zombie_kevlar_2",
      "mon_zombie_kevlar_1",
      "mon_zombie_soldier_acid_2",
      "mon_zombie_soldier_acid_1",
      "mon_zombie_soldier_blackops_2",
      "mon_zombie_soldier_blackops_1",
      "mon_zombie_soldier",
      "mon_zougar",
      "mon_zoose",
      "mon_zombeaver",
      "mon_zombie_pig",
      "mon_zombear",
      "mon_zolf",
      "mon_giant_cockroach",
      "mon_pregnant_giant_cockroach",
      "mon_giant_cockroach_nymph",
      "mon_hunting_horror",
      "mon_flaming_eye",
      "mon_kreck",
      "mon_gozu",
      "mon_blob_small",
      "mon_blob",
      "mon_blob_large",
      "mon_mi_go",
      "mon_mi_go_guard",
      "mon_mi_go_slaver",
      "mon_mi_go_scout"
    ],
    "flags": [ "LOUD","RANDOM_DAMAGE", "RANDOM_TARGET" ]
  },
  {
    "id": "DMBB_ORB_MERC_mage_battle_megamagic_target1",
    "type": "SPELL",
    "name": "Target",
    "description": "Then hostiles.",
    "valid_targets": [ "hostile" ],
    "extra_effects": [ { "id": "DMBB_ORB_MERC_mage_battle_megamagic", "hit_self": true } ],
    "min_range": 20,
    "effect": "target_attack",
    "targeted_monster_ids": [
      "mon_zombie",
      "mon_beekeeper",
      "mon_zombie_cop",
      "mon_zombie_fireman",
      "mon_zombie_hazmat",
      "mon_zombie_resort_dancer",
      "mon_zombie_resort_bouncer",
      "mon_zombie_resort_staff",
      "mon_zombie_rot",
      "mon_zombie_prisoner",
      "mon_zombie_grabber",
      "mon_zombie_runner",
      "mon_zombie_shady",
      "mon_zombie_shrieker",
      "mon_zombie_swimmer",
      "mon_zombie_technician",
      "mon_zombie_labsecurity",
      "mon_zombie_swat",
      "mon_zombie_fat",
      "mon_zombie_tough",
      "mon_zombie_crawler",
      "mon_skeleton", 
      "mon_skeleton_electric",
      "mon_skeleton_brute",
      "mon_skeleton_hulk",
      "mon_zombie_survivor",
      "mon_zombie_biter",
      "mon_zombie_brainless",
      "mon_zombie_ears",
      "mon_zombie_skull",
      "mon_zombie_brute",
      "mon_zombie_brute_grappler",
      "mon_zombie_brute_ninja",
      "mon_zombie_grappler",
      "mon_zombie_hollow",
      "mon_zombie_hulk",
      "mon_zombie_hunter",
      "mon_zombie_mancroc",
      "mon_zombie_master",
      "mon_zombie_necro",
      "mon_zombie_predator",
      "mon_zombie_screecher",
      "mon_zombie_thorny",
      "mon_zombie_smoker",
      "mon_zombie_anklebiter",
      "mon_zombie_child",
      "mon_zombie_creepy",
      "mon_zombie_shriekling",
      "mon_zombie_snotgobbler",
      "mon_zombie_sproglodyte",
      "mon_zombie_waif",
      "mon_zombie_brute_shocker",
      "mon_zombie_electric",
      "mon_zombie_nullfield",
      "mon_zombie_static",
      "mon_zombie_scientist",
      "mon_zombie_dog",
      "mon_dog_skeleton",
      "mon_dog_zombie_cop",
      "mon_dog_zombie_rot",
      "mon_zombie_wretched",
      "mon_zombie_corrosive",
      "mon_zombie_acidic",
      "mon_zombie_survivor_elite",
      "mon_zombie_bio_op",
      "mon_zombie_military_pilot",
      "mon_zombie_kevlar_2",
      "mon_zombie_kevlar_1",
      "mon_zombie_soldier_acid_2",
      "mon_zombie_soldier_acid_1",
      "mon_zombie_soldier_blackops_2",
      "mon_zombie_soldier_blackops_1",
      "mon_zombie_soldier",
      "mon_zougar",
      "mon_zoose",
      "mon_zombeaver",
      "mon_zombie_pig",
      "mon_zombear",
      "mon_zolf",
      "mon_giant_cockroach",
      "mon_pregnant_giant_cockroach",
      "mon_giant_cockroach_nymph",
      "mon_hunting_horror",
      "mon_flaming_eye",
      "mon_kreck",
      "mon_gozu",
      "mon_blob_small",
      "mon_blob",
      "mon_blob_large",
      "mon_mi_go",
      "mon_mi_go_guard",
      "mon_mi_go_slaver",
      "mon_mi_go_scout"
    ],
    "flags": [ "SILENT","RANDOM_TARGET" ]
  },
  {
    "id": "DMBB_ORB_MERC_mage_battle_megamagic_target2",
    "type": "SPELL",
    "name": "Target",
    "description": "Targets self.",
    "valid_targets": [ "self" ],
    "extra_effects": [ { "id": "DMBB_ORB_MERC_mage_battle_megamagic_target1" } ],
    "effect": "target_attack"
  },
  {
    "id": "DMBB_ORB_MERC_mage_battle_manabeam_plus",
    "type": "SPELL",
    "name": "Mana Beam+",
    "description": "\"Taste my mana!\"", "message": "",
    "valid_targets": [ "hostile", "ground" ],
    "min_damage": 25,
    "max_damage": 50,
    "min_range": 20,
    "min_aoe": 1,
    "effect": "line_attack",
    "sound_type": "combat",
    "sound_ambient": true,
    "sound_id": "fire_gun",  
	"sound_variant": "thunder_sigil",   "sound_description": "a zing!",
    "targeted_monster_ids": [
      "mon_zombie",
      "mon_beekeeper",
      "mon_zombie_cop",
      "mon_zombie_fireman",
      "mon_zombie_hazmat",
      "mon_zombie_resort_dancer",
      "mon_zombie_resort_bouncer",
      "mon_zombie_resort_staff",
      "mon_zombie_rot",
      "mon_zombie_prisoner",
      "mon_zombie_grabber",
      "mon_zombie_runner",
      "mon_zombie_shady",
      "mon_zombie_shrieker",
      "mon_zombie_swimmer",
      "mon_zombie_technician",
      "mon_zombie_labsecurity",
      "mon_zombie_swat",
      "mon_zombie_fat",
      "mon_zombie_tough",
      "mon_zombie_crawler",
      "mon_skeleton", 
      "mon_skeleton_electric",
      "mon_skeleton_brute",
      "mon_skeleton_hulk",
      "mon_zombie_survivor",
      "mon_zombie_biter",
      "mon_zombie_brainless",
      "mon_zombie_ears",
      "mon_zombie_skull",
      "mon_zombie_brute",
      "mon_zombie_brute_grappler",
      "mon_zombie_brute_ninja",
      "mon_zombie_grappler",
      "mon_zombie_hollow",
      "mon_zombie_hulk",
      "mon_zombie_hunter",
      "mon_zombie_mancroc",
      "mon_zombie_master",
      "mon_zombie_necro",
      "mon_zombie_predator",
      "mon_zombie_screecher",
      "mon_zombie_thorny",
      "mon_zombie_smoker",
      "mon_zombie_anklebiter",
      "mon_zombie_child",
      "mon_zombie_creepy",
      "mon_zombie_shriekling",
      "mon_zombie_snotgobbler",
      "mon_zombie_sproglodyte",
      "mon_zombie_waif",
      "mon_zombie_brute_shocker",
      "mon_zombie_electric",
      "mon_zombie_nullfield",
      "mon_zombie_static",
      "mon_zombie_scientist",
      "mon_zombie_dog",
      "mon_dog_skeleton",
      "mon_dog_zombie_cop",
      "mon_dog_zombie_rot",
      "mon_zombie_wretched",
      "mon_zombie_corrosive",
      "mon_zombie_acidic",
      "mon_zombie_survivor_elite",
      "mon_zombie_bio_op",
      "mon_zombie_military_pilot",
      "mon_zombie_kevlar_2",
      "mon_zombie_kevlar_1",
      "mon_zombie_soldier_acid_2",
      "mon_zombie_soldier_acid_1",
      "mon_zombie_soldier_blackops_2",
      "mon_zombie_soldier_blackops_1",
      "mon_zombie_soldier",
      "mon_zougar",
      "mon_zoose",
      "mon_zombeaver",
      "mon_zombie_pig",
      "mon_zombear",
      "mon_zolf",
      "mon_giant_cockroach",
      "mon_pregnant_giant_cockroach",
      "mon_giant_cockroach_nymph",
      "mon_hunting_horror",
      "mon_flaming_eye",
      "mon_kreck",
      "mon_gozu",
      "mon_blob_small",
      "mon_blob",
      "mon_blob_large",
      "mon_mi_go",
      "mon_mi_go_guard",
      "mon_mi_go_slaver",
      "mon_mi_go_scout"
    ],
    "flags": [ "LOUD","RANDOM_DAMAGE", "RANDOM_TARGET" ]
  },
  {
    "id": "DMBB_ORB_MERC_mage_battle_manabeam_plus_target1",
    "type": "SPELL",
    "name": "Target",
    "description": "Then hostiles.",
    "valid_targets": [ "hostile" ],
    "extra_effects": [ { "id": "DMBB_ORB_MERC_mage_battle_manabeam_plus", "hit_self": true } ],
    "min_damage": 3,
    "max_damage": 6,
    "min_range": 20,
    "effect": "target_attack",
    "targeted_monster_ids": [
      "mon_zombie",
      "mon_beekeeper",
      "mon_zombie_cop",
      "mon_zombie_fireman",
      "mon_zombie_hazmat",
      "mon_zombie_resort_dancer",
      "mon_zombie_resort_bouncer",
      "mon_zombie_resort_staff",
      "mon_zombie_rot",
      "mon_zombie_prisoner",
      "mon_zombie_grabber",
      "mon_zombie_runner",
      "mon_zombie_shady",
      "mon_zombie_shrieker",
      "mon_zombie_swimmer",
      "mon_zombie_technician",
      "mon_zombie_labsecurity",
      "mon_zombie_swat",
      "mon_zombie_fat",
      "mon_zombie_tough",
      "mon_zombie_crawler",
      "mon_skeleton", 
      "mon_skeleton_electric",
      "mon_skeleton_brute",
      "mon_skeleton_hulk",
      "mon_zombie_survivor",
      "mon_zombie_biter",
      "mon_zombie_brainless",
      "mon_zombie_ears",
      "mon_zombie_skull",
      "mon_zombie_brute",
      "mon_zombie_brute_grappler",
      "mon_zombie_brute_ninja",
      "mon_zombie_grappler",
      "mon_zombie_hollow",
      "mon_zombie_hulk",
      "mon_zombie_hunter",
      "mon_zombie_mancroc",
      "mon_zombie_master",
      "mon_zombie_necro",
      "mon_zombie_predator",
      "mon_zombie_screecher",
      "mon_zombie_thorny",
      "mon_zombie_smoker",
      "mon_zombie_anklebiter",
      "mon_zombie_child",
      "mon_zombie_creepy",
      "mon_zombie_shriekling",
      "mon_zombie_snotgobbler",
      "mon_zombie_sproglodyte",
      "mon_zombie_waif",
      "mon_zombie_brute_shocker",
      "mon_zombie_electric",
      "mon_zombie_nullfield",
      "mon_zombie_static",
      "mon_zombie_scientist",
      "mon_zombie_dog",
      "mon_dog_skeleton",
      "mon_dog_zombie_cop",
      "mon_dog_zombie_rot",
      "mon_zombie_wretched",
      "mon_zombie_corrosive",
      "mon_zombie_acidic",
      "mon_zombie_survivor_elite",
      "mon_zombie_bio_op",
      "mon_zombie_military_pilot",
      "mon_zombie_kevlar_2",
      "mon_zombie_kevlar_1",
      "mon_zombie_soldier_acid_2",
      "mon_zombie_soldier_acid_1",
      "mon_zombie_soldier_blackops_2",
      "mon_zombie_soldier_blackops_1",
      "mon_zombie_soldier",
      "mon_zougar",
      "mon_zoose",
      "mon_zombeaver",
      "mon_zombie_pig",
      "mon_zombear",
      "mon_zolf",
      "mon_giant_cockroach",
      "mon_pregnant_giant_cockroach",
      "mon_giant_cockroach_nymph",
      "mon_hunting_horror",
      "mon_flaming_eye",
      "mon_kreck",
      "mon_gozu",
      "mon_blob_small",
      "mon_blob",
      "mon_blob_large",
      "mon_mi_go",
      "mon_mi_go_guard",
      "mon_mi_go_slaver",
      "mon_mi_go_scout"
    ],
    "flags": [ "SILENT","RANDOM_TARGET", "RANDOM_DAMAGE", "WONDER" ]
  },
  {
    "id": "DMBB_ORB_MERC_mage_battle_manabeam_plus_target2",
    "type": "SPELL",
    "name": "Target",
    "description": "Targets self.",
    "valid_targets": [ "self" ],
    "extra_effects": [ { "id": "DMBB_ORB_MERC_mage_battle_manabeam_plus_target1" } ],
    "effect": "target_attack"
  },
  {
    "id": "DMBB_ORB_MERC_mage_battle_manaburst_plus",
    "type": "SPELL",
    "name": "Chaotic Obliteration",
    "description": "\"This place needs some lights...\"", "message": "",
    "valid_targets": [ "hostile", "ground" ],
    "min_damage": 20,
    "max_damage": 40,
    "min_range": 20,
    "min_aoe": 1,
    "effect": "target_attack",
    "sound_type": "combat",
    "sound_ambient": true,
    "sound_id": "fire_gun",  
	"sound_variant": "thunder_sigil",   "sound_description": "a zing!",
    "targeted_monster_ids": [
      "mon_zombie",
      "mon_beekeeper",
      "mon_zombie_cop",
      "mon_zombie_fireman",
      "mon_zombie_hazmat",
      "mon_zombie_resort_dancer",
      "mon_zombie_resort_bouncer",
      "mon_zombie_resort_staff",
      "mon_zombie_rot",
      "mon_zombie_prisoner",
      "mon_zombie_grabber",
      "mon_zombie_runner",
      "mon_zombie_shady",
      "mon_zombie_shrieker",
      "mon_zombie_swimmer",
      "mon_zombie_technician",
      "mon_zombie_labsecurity",
      "mon_zombie_swat",
      "mon_zombie_fat",
      "mon_zombie_tough",
      "mon_zombie_crawler",
      "mon_skeleton", 
      "mon_skeleton_electric",
      "mon_skeleton_brute",
      "mon_skeleton_hulk",
      "mon_zombie_survivor",
      "mon_zombie_biter",
      "mon_zombie_brainless",
      "mon_zombie_ears",
      "mon_zombie_skull",
      "mon_zombie_brute",
      "mon_zombie_brute_grappler",
      "mon_zombie_brute_ninja",
      "mon_zombie_grappler",
      "mon_zombie_hollow",
      "mon_zombie_hulk",
      "mon_zombie_hunter",
      "mon_zombie_mancroc",
      "mon_zombie_master",
      "mon_zombie_necro",
      "mon_zombie_predator",
      "mon_zombie_screecher",
      "mon_zombie_thorny",
      "mon_zombie_smoker",
      "mon_zombie_anklebiter",
      "mon_zombie_child",
      "mon_zombie_creepy",
      "mon_zombie_shriekling",
      "mon_zombie_snotgobbler",
      "mon_zombie_sproglodyte",
      "mon_zombie_waif",
      "mon_zombie_brute_shocker",
      "mon_zombie_electric",
      "mon_zombie_nullfield",
      "mon_zombie_static",
      "mon_zombie_scientist",
      "mon_zombie_dog",
      "mon_dog_skeleton",
      "mon_dog_zombie_cop",
      "mon_dog_zombie_rot",
      "mon_zombie_wretched",
      "mon_zombie_corrosive",
      "mon_zombie_acidic",
      "mon_zombie_survivor_elite",
      "mon_zombie_bio_op",
      "mon_zombie_military_pilot",
      "mon_zombie_kevlar_2",
      "mon_zombie_kevlar_1",
      "mon_zombie_soldier_acid_2",
      "mon_zombie_soldier_acid_1",
      "mon_zombie_soldier_blackops_2",
      "mon_zombie_soldier_blackops_1",
      "mon_zombie_soldier",
      "mon_zougar",
      "mon_zoose",
      "mon_zombeaver",
      "mon_zombie_pig",
      "mon_zombear",
      "mon_zolf",
      "mon_giant_cockroach",
      "mon_pregnant_giant_cockroach",
      "mon_giant_cockroach_nymph",
      "mon_hunting_horror",
      "mon_flaming_eye",
      "mon_kreck",
      "mon_gozu",
      "mon_blob_small",
      "mon_blob",
      "mon_blob_large",
      "mon_mi_go",
      "mon_mi_go_guard",
      "mon_mi_go_slaver",
      "mon_mi_go_scout"
    ],
    "flags": [ "LOUD","RANDOM_DAMAGE", "RANDOM_TARGET" ]
  },
  {
    "id": "DMBB_ORB_MERC_mage_battle_manaburst_plus_target1",
    "type": "SPELL",
    "name": "Target",
    "description": "Then hostiles.",
    "valid_targets": [ "hostile" ],
    "extra_effects": [ { "id": "DMBB_ORB_MERC_mage_battle_manaburst_plus", "hit_self": true } ],
    "min_damage": 5,
    "max_damage": 10,
    "min_range": 20,
    "effect": "target_attack",
    "targeted_monster_ids": [
      "mon_zombie",
      "mon_beekeeper",
      "mon_zombie_cop",
      "mon_zombie_fireman",
      "mon_zombie_hazmat",
      "mon_zombie_resort_dancer",
      "mon_zombie_resort_bouncer",
      "mon_zombie_resort_staff",
      "mon_zombie_rot",
      "mon_zombie_prisoner",
      "mon_zombie_grabber",
      "mon_zombie_runner",
      "mon_zombie_shady",
      "mon_zombie_shrieker",
      "mon_zombie_swimmer",
      "mon_zombie_technician",
      "mon_zombie_labsecurity",
      "mon_zombie_swat",
      "mon_zombie_fat",
      "mon_zombie_tough",
      "mon_zombie_crawler",
      "mon_skeleton", 
      "mon_skeleton_electric",
      "mon_skeleton_brute",
      "mon_skeleton_hulk",
      "mon_zombie_survivor",
      "mon_zombie_biter",
      "mon_zombie_brainless",
      "mon_zombie_ears",
      "mon_zombie_skull",
      "mon_zombie_brute",
      "mon_zombie_brute_grappler",
      "mon_zombie_brute_ninja",
      "mon_zombie_grappler",
      "mon_zombie_hollow",
      "mon_zombie_hulk",
      "mon_zombie_hunter",
      "mon_zombie_mancroc",
      "mon_zombie_master",
      "mon_zombie_necro",
      "mon_zombie_predator",
      "mon_zombie_screecher",
      "mon_zombie_thorny",
      "mon_zombie_smoker",
      "mon_zombie_anklebiter",
      "mon_zombie_child",
      "mon_zombie_creepy",
      "mon_zombie_shriekling",
      "mon_zombie_snotgobbler",
      "mon_zombie_sproglodyte",
      "mon_zombie_waif",
      "mon_zombie_brute_shocker",
      "mon_zombie_electric",
      "mon_zombie_nullfield",
      "mon_zombie_static",
      "mon_zombie_scientist",
      "mon_zombie_dog",
      "mon_dog_skeleton",
      "mon_dog_zombie_cop",
      "mon_dog_zombie_rot",
      "mon_zombie_wretched",
      "mon_zombie_corrosive",
      "mon_zombie_acidic",
      "mon_zombie_survivor_elite",
      "mon_zombie_bio_op",
      "mon_zombie_military_pilot",
      "mon_zombie_kevlar_2",
      "mon_zombie_kevlar_1",
      "mon_zombie_soldier_acid_2",
      "mon_zombie_soldier_acid_1",
      "mon_zombie_soldier_blackops_2",
      "mon_zombie_soldier_blackops_1",
      "mon_zombie_soldier",
      "mon_zougar",
      "mon_zoose",
      "mon_zombeaver",
      "mon_zombie_pig",
      "mon_zombear",
      "mon_zolf",
      "mon_giant_cockroach",
      "mon_pregnant_giant_cockroach",
      "mon_giant_cockroach_nymph",
      "mon_hunting_horror",
      "mon_flaming_eye",
      "mon_kreck",
      "mon_gozu",
      "mon_blob_small",
      "mon_blob",
      "mon_blob_large",
      "mon_mi_go",
      "mon_mi_go_guard",
      "mon_mi_go_slaver",
      "mon_mi_go_scout"
    ],
    "flags": [ "SILENT","RANDOM_TARGET", "RANDOM_DAMAGE", "WONDER" ]
  },
  {
    "id": "DMBB_ORB_MERC_mage_battle_manaburst_plus_target2",
    "type": "SPELL",
    "name": "Target",
    "description": "Targets self.",
    "valid_targets": [ "self" ],
    "extra_effects": [ { "id": "DMBB_ORB_MERC_mage_battle_manaburst_plus_target1" } ],
    "effect": "target_attack"
  },
  {
    "id": "DMBB_ORB_MERC_mage_necro_spawn",
    "type": "SPELL",
    "name": "Summon Horde",
    "description": "\"I need you, my pets...\"", "message": "",
    "valid_targets": [ "hostile", "ground" ],
    "min_damage": 4,
    "max_damage": 12,
    "min_range": 20,
    "min_aoe": 5,
    "min_duration": 3000,
    "max_duration": 6000,
    "effect": "summon",
    "effect_str": "GROUP_ZOMBIE",
    "sound_type": "combat",
    "sound_ambient": true,
    "sound_id": "reload",  
	"sound_variant": "thunder_sigil",   "sound_description": "a zing!",
    "targeted_monster_ids": [
      "mon_zombie",
      "mon_beekeeper",
      "mon_zombie_cop",
      "mon_zombie_fireman",
      "mon_zombie_hazmat",
      "mon_zombie_resort_dancer",
      "mon_zombie_resort_bouncer",
      "mon_zombie_resort_staff",
      "mon_zombie_rot",
      "mon_zombie_prisoner",
      "mon_zombie_grabber",
      "mon_zombie_runner",
      "mon_zombie_shady",
      "mon_zombie_shrieker",
      "mon_zombie_swimmer",
      "mon_zombie_technician",
      "mon_zombie_labsecurity",
      "mon_zombie_swat",
      "mon_zombie_fat",
      "mon_zombie_tough",
      "mon_zombie_crawler",
      "mon_skeleton", 
      "mon_skeleton_electric",
      "mon_skeleton_brute",
      "mon_skeleton_hulk",
      "mon_zombie_survivor",
      "mon_zombie_biter",
      "mon_zombie_brainless",
      "mon_zombie_ears",
      "mon_zombie_skull",
      "mon_zombie_brute",
      "mon_zombie_brute_grappler",
      "mon_zombie_brute_ninja",
      "mon_zombie_grappler",
      "mon_zombie_hollow",
      "mon_zombie_hulk",
      "mon_zombie_hunter",
      "mon_zombie_mancroc",
      "mon_zombie_master",
      "mon_zombie_necro",
      "mon_zombie_predator",
      "mon_zombie_screecher",
      "mon_zombie_thorny",
      "mon_zombie_smoker",
      "mon_zombie_anklebiter",
      "mon_zombie_child",
      "mon_zombie_creepy",
      "mon_zombie_shriekling",
      "mon_zombie_snotgobbler",
      "mon_zombie_sproglodyte",
      "mon_zombie_waif",
      "mon_zombie_brute_shocker",
      "mon_zombie_electric",
      "mon_zombie_nullfield",
      "mon_zombie_static",
      "mon_zombie_scientist",
      "mon_zombie_dog",
      "mon_dog_skeleton",
      "mon_dog_zombie_cop",
      "mon_dog_zombie_rot",
      "mon_zombie_wretched",
      "mon_zombie_corrosive",
      "mon_zombie_acidic",
      "mon_zombie_survivor_elite",
      "mon_zombie_bio_op",
      "mon_zombie_military_pilot",
      "mon_zombie_kevlar_2",
      "mon_zombie_kevlar_1",
      "mon_zombie_soldier_acid_2",
      "mon_zombie_soldier_acid_1",
      "mon_zombie_soldier_blackops_2",
      "mon_zombie_soldier_blackops_1",
      "mon_zombie_soldier",
      "mon_zougar",
      "mon_zoose",
      "mon_zombeaver",
      "mon_zombie_pig",
      "mon_zombear",
      "mon_zolf",
      "mon_giant_cockroach",
      "mon_pregnant_giant_cockroach",
      "mon_giant_cockroach_nymph",
      "mon_hunting_horror",
      "mon_flaming_eye",
      "mon_kreck",
      "mon_gozu",
      "mon_blob_small",
      "mon_blob",
      "mon_blob_large",
      "mon_mi_go",
      "mon_mi_go_guard",
      "mon_mi_go_slaver",
      "mon_mi_go_scout"
    ],
    "flags": [ "LOUD","RANDOM_TARGET", "SPAWN_GROUP" ]
  },
  {
    "id": "DMBB_ORB_MERC_mage_necro_spawn_target1",
    "type": "SPELL",
    "name": "Target",
    "description": "Then hostiles.",
    "valid_targets": [ "hostile" ],
    "extra_effects": [ { "id": "DMBB_ORB_MERC_mage_necro_spawn", "hit_self": true } ],
    "min_range": 20,
    "effect": "target_attack",
    "targeted_monster_ids": [
      "mon_zombie",
      "mon_beekeeper",
      "mon_zombie_cop",
      "mon_zombie_fireman",
      "mon_zombie_hazmat",
      "mon_zombie_resort_dancer",
      "mon_zombie_resort_bouncer",
      "mon_zombie_resort_staff",
      "mon_zombie_rot",
      "mon_zombie_prisoner",
      "mon_zombie_grabber",
      "mon_zombie_runner",
      "mon_zombie_shady",
      "mon_zombie_shrieker",
      "mon_zombie_swimmer",
      "mon_zombie_technician",
      "mon_zombie_labsecurity",
      "mon_zombie_swat",
      "mon_zombie_fat",
      "mon_zombie_tough",
      "mon_zombie_crawler",
      "mon_skeleton", 
      "mon_skeleton_electric",
      "mon_skeleton_brute",
      "mon_skeleton_hulk",
      "mon_zombie_survivor",
      "mon_zombie_biter",
      "mon_zombie_brainless",
      "mon_zombie_ears",
      "mon_zombie_skull",
      "mon_zombie_brute",
      "mon_zombie_brute_grappler",
      "mon_zombie_brute_ninja",
      "mon_zombie_grappler",
      "mon_zombie_hollow",
      "mon_zombie_hulk",
      "mon_zombie_hunter",
      "mon_zombie_mancroc",
      "mon_zombie_master",
      "mon_zombie_necro",
      "mon_zombie_predator",
      "mon_zombie_screecher",
      "mon_zombie_thorny",
      "mon_zombie_smoker",
      "mon_zombie_anklebiter",
      "mon_zombie_child",
      "mon_zombie_creepy",
      "mon_zombie_shriekling",
      "mon_zombie_snotgobbler",
      "mon_zombie_sproglodyte",
      "mon_zombie_waif",
      "mon_zombie_brute_shocker",
      "mon_zombie_electric",
      "mon_zombie_nullfield",
      "mon_zombie_static",
      "mon_zombie_scientist",
      "mon_zombie_dog",
      "mon_dog_skeleton",
      "mon_dog_zombie_cop",
      "mon_dog_zombie_rot",
      "mon_zombie_wretched",
      "mon_zombie_corrosive",
      "mon_zombie_acidic",
      "mon_zombie_survivor_elite",
      "mon_zombie_bio_op",
      "mon_zombie_military_pilot",
      "mon_zombie_kevlar_2",
      "mon_zombie_kevlar_1",
      "mon_zombie_soldier_acid_2",
      "mon_zombie_soldier_acid_1",
      "mon_zombie_soldier_blackops_2",
      "mon_zombie_soldier_blackops_1",
      "mon_zombie_soldier",
      "mon_zougar",
      "mon_zoose",
      "mon_zombeaver",
      "mon_zombie_pig",
      "mon_zombear",
      "mon_zolf",
      "mon_giant_cockroach",
      "mon_pregnant_giant_cockroach",
      "mon_giant_cockroach_nymph",
      "mon_hunting_horror",
      "mon_flaming_eye",
      "mon_kreck",
      "mon_gozu",
      "mon_blob_small",
      "mon_blob",
      "mon_blob_large",
      "mon_mi_go",
      "mon_mi_go_guard",
      "mon_mi_go_slaver",
      "mon_mi_go_scout"
    ],
    "flags": [ "SILENT","RANDOM_TARGET" ]
  },
  {
    "id": "DMBB_ORB_MERC_mage_necro_spawn_target2",
    "type": "SPELL",
    "name": "Target",
    "description": "Targets self.",
    "valid_targets": [ "self" ],
    "extra_effects": [ { "id": "DMBB_ORB_MERC_mage_necro_spawn_target1" } ],
    "effect": "target_attack"
  },
  {
    "id": "DMBB_ORB_MERC_mage_necro_vamp_heal",
    "type": "SPELL",
    "name": "Vampiric Heal",
    "description": "\"Yo guys! I got some juice!\"", "message": "",
    "valid_targets": [ "ally", "self" ],
    "min_aoe": 69,
    "effect": "target_attack",
    "effect_str": "mon_dmbb_orb_merc_mage_necro_heal",
    "affected_body_parts": [ "HEAD", "TORSO", "ARM_L", "ARM_R", "LEG_L", "LEG_R" ],
    "flags": [ "SILENT","RANDOM_TARGET" ]
  },
  {
    "id": "DMBB_ORB_MERC_mage_necro_vamp",
    "type": "SPELL",
    "name": "Widespread Transfusion",
    "description": "\"Give us your juice!\"", "message": "",
    "valid_targets": [ "hostile" ],
    "min_damage": 30,
    "min_range": 20,
    "damage_type": "bio",
    "effect": "target_attack",
    "sound_type": "combat",
    "sound_ambient": true,
    "sound_id": "reload",  
	"sound_variant": "thunder_sigil",   "sound_description": "a zing!",
    "targeted_monster_ids": [
      "mon_giant_cockroach",
      "mon_pregnant_giant_cockroach",
      "mon_giant_cockroach_nymph",
      "mon_hunting_horror",
      "mon_flaming_eye",
      "mon_kreck",
      "mon_gozu",
      "mon_mi_go",
      "mon_mi_go_guard",
      "mon_mi_go_slaver",
      "mon_mi_go_scout"
    ],
    "extra_effects": [ { "id": "DMBB_ORB_MERC_mage_necro_vamp_heal", "hit_self": true } ],
    "flags": [ "LOUD","RANDOM_TARGET" ]
  },
  {
    "id": "DMBB_ORB_MERC_mage_necro_vamp_target1",
    "type": "SPELL",
    "name": "Target",
    "description": "Then hostiles.",
    "valid_targets": [ "hostile" ],
    "extra_effects": [ { "id": "DMBB_ORB_MERC_mage_necro_vamp", "hit_self": true } ],
    "min_range": 20,
    "effect": "target_attack",
    "targeted_monster_ids": [
      "mon_giant_cockroach",
      "mon_pregnant_giant_cockroach",
      "mon_giant_cockroach_nymph",
      "mon_hunting_horror",
      "mon_flaming_eye",
      "mon_kreck",
      "mon_gozu",
      "mon_mi_go",
      "mon_mi_go_guard",
      "mon_mi_go_slaver",
      "mon_mi_go_scout"
    ],
    "flags": [ "SILENT","RANDOM_TARGET" ]
  },
  {
    "id": "DMBB_ORB_MERC_mage_necro_vamp_target2",
    "type": "SPELL",
    "name": "Target",
    "description": "Targets self.",
    "valid_targets": [ "self" ],
    "extra_effects": [ { "id": "DMBB_ORB_MERC_mage_necro_vamp_target1" } ],
    "effect": "target_attack"
  },
  {
    "id": "DMBB_ORB_MERC_cleric_heal",
    "type": "SPELL",
    "name": "Heal",
    "description": "\"Then here's my generic, low-lyfe healing spell!\"", "message": "",
    "valid_targets": [ "ally", "self" ],
    "min_aoe": 69,
    "effect": "target_attack",
    "effect_str": "mon_dmbb_orb_merc_cleric_heal",
    "sound_type": "combat",
    "sound_ambient": true,
    "sound_id": "reload",  
	"sound_variant": "thunder_sigil",   "sound_description": "a zing!",
    "affected_body_parts": [ "HEAD", "TORSO", "ARM_L", "ARM_R", "LEG_L", "LEG_R" ],
    "flags": [ "LOUD","RANDOM_TARGET" ]
  },
  {
    "id": "DMBB_ORB_MERC_cleric_heal_target1",
    "type": "SPELL",
    "name": "Target",
    "description": "Then hostiles.",
    "valid_targets": [ "hostile" ],
    "extra_effects": [ { "id": "DMBB_ORB_MERC_cleric_heal", "hit_self": true } ],
    "min_range": 15,
    "effect": "target_attack",
    "targeted_monster_ids": [
      "mon_zombie",
      "mon_beekeeper",
      "mon_zombie_cop",
      "mon_zombie_fireman",
      "mon_zombie_hazmat",
      "mon_zombie_resort_dancer",
      "mon_zombie_resort_bouncer",
      "mon_zombie_resort_staff",
      "mon_zombie_rot",
      "mon_zombie_prisoner",
      "mon_zombie_grabber",
      "mon_zombie_runner",
      "mon_zombie_shady",
      "mon_zombie_shrieker",
      "mon_zombie_swimmer",
      "mon_zombie_technician",
      "mon_zombie_labsecurity",
      "mon_zombie_swat",
      "mon_zombie_fat",
      "mon_zombie_tough",
      "mon_zombie_crawler",
      "mon_skeleton", 
      "mon_skeleton_electric",
      "mon_skeleton_brute",
      "mon_skeleton_hulk",
      "mon_zombie_survivor",
      "mon_zombie_biter",
      "mon_zombie_brainless",
      "mon_zombie_ears",
      "mon_zombie_skull",
      "mon_zombie_brute",
      "mon_zombie_brute_grappler",
      "mon_zombie_brute_ninja",
      "mon_zombie_grappler",
      "mon_zombie_hollow",
      "mon_zombie_hulk",
      "mon_zombie_hunter",
      "mon_zombie_mancroc",
      "mon_zombie_master",
      "mon_zombie_necro",
      "mon_zombie_predator",
      "mon_zombie_screecher",
      "mon_zombie_thorny",
      "mon_zombie_smoker",
      "mon_zombie_anklebiter",
      "mon_zombie_child",
      "mon_zombie_creepy",
      "mon_zombie_shriekling",
      "mon_zombie_snotgobbler",
      "mon_zombie_sproglodyte",
      "mon_zombie_waif",
      "mon_zombie_brute_shocker",
      "mon_zombie_electric",
      "mon_zombie_nullfield",
      "mon_zombie_static",
      "mon_zombie_scientist",
      "mon_zombie_dog",
      "mon_dog_skeleton",
      "mon_dog_zombie_cop",
      "mon_dog_zombie_rot",
      "mon_zombie_wretched",
      "mon_zombie_corrosive",
      "mon_zombie_acidic",
      "mon_zombie_survivor_elite",
      "mon_zombie_bio_op",
      "mon_zombie_military_pilot",
      "mon_zombie_kevlar_2",
      "mon_zombie_kevlar_1",
      "mon_zombie_soldier_acid_2",
      "mon_zombie_soldier_acid_1",
      "mon_zombie_soldier_blackops_2",
      "mon_zombie_soldier_blackops_1",
      "mon_zombie_soldier",
      "mon_zougar",
      "mon_zoose",
      "mon_zombeaver",
      "mon_zombie_pig",
      "mon_zombear",
      "mon_zolf",
      "mon_giant_cockroach",
      "mon_pregnant_giant_cockroach",
      "mon_giant_cockroach_nymph",
      "mon_hunting_horror",
      "mon_flaming_eye",
      "mon_kreck",
      "mon_gozu",
      "mon_blob_small",
      "mon_blob",
      "mon_blob_large",
      "mon_mi_go",
      "mon_mi_go_guard",
      "mon_mi_go_slaver",
      "mon_mi_go_scout"
    ],
    "flags": [ "SILENT","RANDOM_TARGET" ]
  },
  {
    "id": "DMBB_ORB_MERC_cleric_heal_target2",
    "type": "SPELL",
    "name": "Target",
    "description": "Targets self.",
    "valid_targets": [ "self" ],
    "extra_effects": [ { "id": "DMBB_ORB_MERC_cleric_heal_target1" } ],
    "effect": "target_attack"
  },
  {
    "id": "DMBB_ORB_MERC_cleric_buff",
    "type": "SPELL",
    "name": "buff",
    "description": "\"Then here's my generic, not-so-powerful buffing spell!\"", "message": "",
    "valid_targets": [ "ally", "self" ],
    "min_aoe": 69,
    "min_duration": 4500,
    "effect": "target_attack",
    "effect_str": "mon_dmbb_orb_merc_cleric_buff",
    "sound_type": "combat",
    "sound_ambient": true,
    "sound_id": "reload",  
	"sound_variant": "thunder_sigil",   "sound_description": "a zing!",
    "flags": [ "LOUD","RANDOM_TARGET" ]
  },
  {
    "id": "DMBB_ORB_MERC_cleric_buff_target1",
    "type": "SPELL",
    "name": "Target",
    "description": "Then hostiles.",
    "valid_targets": [ "hostile" ],
    "extra_effects": [ { "id": "DMBB_ORB_MERC_cleric_buff", "hit_self": true } ],
    "min_range": 15,
    "effect": "target_attack",
    "targeted_monster_ids": [
      "mon_zombie",
      "mon_beekeeper",
      "mon_zombie_cop",
      "mon_zombie_fireman",
      "mon_zombie_hazmat",
      "mon_zombie_resort_dancer",
      "mon_zombie_resort_bouncer",
      "mon_zombie_resort_staff",
      "mon_zombie_rot",
      "mon_zombie_prisoner",
      "mon_zombie_grabber",
      "mon_zombie_runner",
      "mon_zombie_shady",
      "mon_zombie_shrieker",
      "mon_zombie_swimmer",
      "mon_zombie_technician",
      "mon_zombie_labsecurity",
      "mon_zombie_swat",
      "mon_zombie_fat",
      "mon_zombie_tough",
      "mon_zombie_crawler",
      "mon_skeleton", 
      "mon_skeleton_electric",
      "mon_skeleton_brute",
      "mon_skeleton_hulk",
      "mon_zombie_survivor",
      "mon_zombie_biter",
      "mon_zombie_brainless",
      "mon_zombie_ears",
      "mon_zombie_skull",
      "mon_zombie_brute",
      "mon_zombie_brute_grappler",
      "mon_zombie_brute_ninja",
      "mon_zombie_grappler",
      "mon_zombie_hollow",
      "mon_zombie_hulk",
      "mon_zombie_hunter",
      "mon_zombie_mancroc",
      "mon_zombie_master",
      "mon_zombie_necro",
      "mon_zombie_predator",
      "mon_zombie_screecher",
      "mon_zombie_thorny",
      "mon_zombie_smoker",
      "mon_zombie_anklebiter",
      "mon_zombie_child",
      "mon_zombie_creepy",
      "mon_zombie_shriekling",
      "mon_zombie_snotgobbler",
      "mon_zombie_sproglodyte",
      "mon_zombie_waif",
      "mon_zombie_brute_shocker",
      "mon_zombie_electric",
      "mon_zombie_nullfield",
      "mon_zombie_static",
      "mon_zombie_scientist",
      "mon_zombie_dog",
      "mon_dog_skeleton",
      "mon_dog_zombie_cop",
      "mon_dog_zombie_rot",
      "mon_zombie_wretched",
      "mon_zombie_corrosive",
      "mon_zombie_acidic",
      "mon_zombie_survivor_elite",
      "mon_zombie_bio_op",
      "mon_zombie_military_pilot",
      "mon_zombie_kevlar_2",
      "mon_zombie_kevlar_1",
      "mon_zombie_soldier_acid_2",
      "mon_zombie_soldier_acid_1",
      "mon_zombie_soldier_blackops_2",
      "mon_zombie_soldier_blackops_1",
      "mon_zombie_soldier",
      "mon_zougar",
      "mon_zoose",
      "mon_zombeaver",
      "mon_zombie_pig",
      "mon_zombear",
      "mon_zolf",
      "mon_giant_cockroach",
      "mon_pregnant_giant_cockroach",
      "mon_giant_cockroach_nymph",
      "mon_hunting_horror",
      "mon_flaming_eye",
      "mon_kreck",
      "mon_gozu",
      "mon_blob_small",
      "mon_blob",
      "mon_blob_large",
      "mon_mi_go",
      "mon_mi_go_guard",
      "mon_mi_go_slaver",
      "mon_mi_go_scout"
    ],
    "flags": [ "SILENT","RANDOM_TARGET" ]
  },
  {
    "id": "DMBB_ORB_MERC_cleric_buff_target2",
    "type": "SPELL",
    "name": "Target",
    "description": "Targets self.",
    "valid_targets": [ "self" ],
    "extra_effects": [ { "id": "DMBB_ORB_MERC_cleric_buff_target1" } ],
    "effect": "target_attack"
  },
  {
    "id": "DMBB_ORB_MERC_cleric_debuff",
    "type": "SPELL",
    "name": "debuff",
    "description": "\"Then here's my generic, not-so-powerful debuffing spell!\"", "message": "",
    "valid_targets": [ "hostile" ],
    "min_aoe": 69,
    "min_duration": 6000,
    "effect": "target_attack",
    "effect_str": "mon_dmbb_orb_merc_cleric_debuff",
    "sound_type": "combat",
    "sound_ambient": true,
    "sound_id": "reload",  
	"sound_variant": "thunder_sigil",   "sound_description": "a zing!",
    "targeted_monster_ids": [
      "mon_zombie",
      "mon_beekeeper",
      "mon_zombie_cop",
      "mon_zombie_fireman",
      "mon_zombie_hazmat",
      "mon_zombie_resort_dancer",
      "mon_zombie_resort_bouncer",
      "mon_zombie_resort_staff",
      "mon_zombie_rot",
      "mon_zombie_prisoner",
      "mon_zombie_grabber",
      "mon_zombie_runner",
      "mon_zombie_shady",
      "mon_zombie_shrieker",
      "mon_zombie_swimmer",
      "mon_zombie_technician",
      "mon_zombie_labsecurity",
      "mon_zombie_swat",
      "mon_zombie_fat",
      "mon_zombie_tough",
      "mon_zombie_crawler",
      "mon_skeleton", 
      "mon_skeleton_electric",
      "mon_skeleton_brute",
      "mon_skeleton_hulk",
      "mon_zombie_survivor",
      "mon_zombie_biter",
      "mon_zombie_brainless",
      "mon_zombie_ears",
      "mon_zombie_skull",
      "mon_zombie_brute",
      "mon_zombie_brute_grappler",
      "mon_zombie_brute_ninja",
      "mon_zombie_grappler",
      "mon_zombie_hollow",
      "mon_zombie_hulk",
      "mon_zombie_hunter",
      "mon_zombie_mancroc",
      "mon_zombie_master",
      "mon_zombie_necro",
      "mon_zombie_predator",
      "mon_zombie_screecher",
      "mon_zombie_thorny",
      "mon_zombie_smoker",
      "mon_zombie_anklebiter",
      "mon_zombie_child",
      "mon_zombie_creepy",
      "mon_zombie_shriekling",
      "mon_zombie_snotgobbler",
      "mon_zombie_sproglodyte",
      "mon_zombie_waif",
      "mon_zombie_brute_shocker",
      "mon_zombie_electric",
      "mon_zombie_nullfield",
      "mon_zombie_static",
      "mon_zombie_scientist",
      "mon_zombie_dog",
      "mon_dog_skeleton",
      "mon_dog_zombie_cop",
      "mon_dog_zombie_rot",
      "mon_zombie_wretched",
      "mon_zombie_corrosive",
      "mon_zombie_acidic",
      "mon_zombie_survivor_elite",
      "mon_zombie_bio_op",
      "mon_zombie_military_pilot",
      "mon_zombie_kevlar_2",
      "mon_zombie_kevlar_1",
      "mon_zombie_soldier_acid_2",
      "mon_zombie_soldier_acid_1",
      "mon_zombie_soldier_blackops_2",
      "mon_zombie_soldier_blackops_1",
      "mon_zombie_soldier",
      "mon_zougar",
      "mon_zoose",
      "mon_zombeaver",
      "mon_zombie_pig",
      "mon_zombear",
      "mon_zolf",
      "mon_giant_cockroach",
      "mon_pregnant_giant_cockroach",
      "mon_giant_cockroach_nymph",
      "mon_hunting_horror",
      "mon_flaming_eye",
      "mon_kreck",
      "mon_gozu",
      "mon_blob_small",
      "mon_blob",
      "mon_blob_large",
      "mon_mi_go",
      "mon_mi_go_guard",
      "mon_mi_go_slaver",
      "mon_mi_go_scout"
    ],
    "flags": [ "LOUD","RANDOM_TARGET" ]
  },
  {
    "id": "DMBB_ORB_MERC_cleric_debuff_target1",
    "type": "SPELL",
    "name": "Target",
    "description": "Then hostiles.",
    "valid_targets": [ "hostile" ],
    "extra_effects": [ { "id": "DMBB_ORB_MERC_cleric_debuff", "hit_self": true } ],
    "min_range": 15,
    "effect": "target_attack",
    "targeted_monster_ids": [
      "mon_zombie",
      "mon_beekeeper",
      "mon_zombie_cop",
      "mon_zombie_fireman",
      "mon_zombie_hazmat",
      "mon_zombie_resort_dancer",
      "mon_zombie_resort_bouncer",
      "mon_zombie_resort_staff",
      "mon_zombie_rot",
      "mon_zombie_prisoner",
      "mon_zombie_grabber",
      "mon_zombie_runner",
      "mon_zombie_shady",
      "mon_zombie_shrieker",
      "mon_zombie_swimmer",
      "mon_zombie_technician",
      "mon_zombie_labsecurity",
      "mon_zombie_swat",
      "mon_zombie_fat",
      "mon_zombie_tough",
      "mon_zombie_crawler",
      "mon_skeleton", 
      "mon_skeleton_electric",
      "mon_skeleton_brute",
      "mon_skeleton_hulk",
      "mon_zombie_survivor",
      "mon_zombie_biter",
      "mon_zombie_brainless",
      "mon_zombie_ears",
      "mon_zombie_skull",
      "mon_zombie_brute",
      "mon_zombie_brute_grappler",
      "mon_zombie_brute_ninja",
      "mon_zombie_grappler",
      "mon_zombie_hollow",
      "mon_zombie_hulk",
      "mon_zombie_hunter",
      "mon_zombie_mancroc",
      "mon_zombie_master",
      "mon_zombie_necro",
      "mon_zombie_predator",
      "mon_zombie_screecher",
      "mon_zombie_thorny",
      "mon_zombie_smoker",
      "mon_zombie_anklebiter",
      "mon_zombie_child",
      "mon_zombie_creepy",
      "mon_zombie_shriekling",
      "mon_zombie_snotgobbler",
      "mon_zombie_sproglodyte",
      "mon_zombie_waif",
      "mon_zombie_brute_shocker",
      "mon_zombie_electric",
      "mon_zombie_nullfield",
      "mon_zombie_static",
      "mon_zombie_scientist",
      "mon_zombie_dog",
      "mon_dog_skeleton",
      "mon_dog_zombie_cop",
      "mon_dog_zombie_rot",
      "mon_zombie_wretched",
      "mon_zombie_corrosive",
      "mon_zombie_acidic",
      "mon_zombie_survivor_elite",
      "mon_zombie_bio_op",
      "mon_zombie_military_pilot",
      "mon_zombie_kevlar_2",
      "mon_zombie_kevlar_1",
      "mon_zombie_soldier_acid_2",
      "mon_zombie_soldier_acid_1",
      "mon_zombie_soldier_blackops_2",
      "mon_zombie_soldier_blackops_1",
      "mon_zombie_soldier",
      "mon_zougar",
      "mon_zoose",
      "mon_zombeaver",
      "mon_zombie_pig",
      "mon_zombear",
      "mon_zolf",
      "mon_giant_cockroach",
      "mon_pregnant_giant_cockroach",
      "mon_giant_cockroach_nymph",
      "mon_hunting_horror",
      "mon_flaming_eye",
      "mon_kreck",
      "mon_gozu",
      "mon_blob_small",
      "mon_blob",
      "mon_blob_large",
      "mon_mi_go",
      "mon_mi_go_guard",
      "mon_mi_go_slaver",
      "mon_mi_go_scout"
    ],
    "flags": [ "SILENT","RANDOM_TARGET" ]
  },
  {
    "id": "DMBB_ORB_MERC_cleric_debuff_target2",
    "type": "SPELL",
    "name": "Target",
    "description": "Targets self.",
    "valid_targets": [ "self" ],
    "extra_effects": [ { "id": "DMBB_ORB_MERC_cleric_debuff_target1" } ],
    "effect": "target_attack"
  },
  {
    "id": "DMBB_ORB_MERC_priest_heal",
    "type": "SPELL",
    "name": "Heal",
    "description": "\"Then here's my generic healing spell!\"", "message": "",
    "valid_targets": [ "ally", "self" ],
    "min_aoe": 69,
    "effect": "target_attack",
    "effect_str": "mon_dmbb_orb_merc_priest_heal",
    "sound_type": "combat",
    "sound_ambient": true,
    "sound_id": "reload",  
	"sound_variant": "thunder_sigil",   "sound_description": "a zing!",
    "affected_body_parts": [ "HEAD", "TORSO", "ARM_L", "ARM_R", "LEG_L", "LEG_R" ],
    "flags": [ "LOUD","RANDOM_TARGET" ]
  },
  {
    "id": "DMBB_ORB_MERC_priest_heal_target1",
    "type": "SPELL",
    "name": "Target",
    "description": "Then hostiles.",
    "valid_targets": [ "hostile" ],
    "extra_effects": [ { "id": "DMBB_ORB_MERC_priest_heal", "hit_self": true } ],
    "min_range": 15,
    "effect": "target_attack",
    "targeted_monster_ids": [
      "mon_zombie",
      "mon_beekeeper",
      "mon_zombie_cop",
      "mon_zombie_fireman",
      "mon_zombie_hazmat",
      "mon_zombie_resort_dancer",
      "mon_zombie_resort_bouncer",
      "mon_zombie_resort_staff",
      "mon_zombie_rot",
      "mon_zombie_prisoner",
      "mon_zombie_grabber",
      "mon_zombie_runner",
      "mon_zombie_shady",
      "mon_zombie_shrieker",
      "mon_zombie_swimmer",
      "mon_zombie_technician",
      "mon_zombie_labsecurity",
      "mon_zombie_swat",
      "mon_zombie_fat",
      "mon_zombie_tough",
      "mon_zombie_crawler",
      "mon_skeleton", 
      "mon_skeleton_electric",
      "mon_skeleton_brute",
      "mon_skeleton_hulk",
      "mon_zombie_survivor",
      "mon_zombie_biter",
      "mon_zombie_brainless",
      "mon_zombie_ears",
      "mon_zombie_skull",
      "mon_zombie_brute",
      "mon_zombie_brute_grappler",
      "mon_zombie_brute_ninja",
      "mon_zombie_grappler",
      "mon_zombie_hollow",
      "mon_zombie_hulk",
      "mon_zombie_hunter",
      "mon_zombie_mancroc",
      "mon_zombie_master",
      "mon_zombie_necro",
      "mon_zombie_predator",
      "mon_zombie_screecher",
      "mon_zombie_thorny",
      "mon_zombie_smoker",
      "mon_zombie_anklebiter",
      "mon_zombie_child",
      "mon_zombie_creepy",
      "mon_zombie_shriekling",
      "mon_zombie_snotgobbler",
      "mon_zombie_sproglodyte",
      "mon_zombie_waif",
      "mon_zombie_brute_shocker",
      "mon_zombie_electric",
      "mon_zombie_nullfield",
      "mon_zombie_static",
      "mon_zombie_scientist",
      "mon_zombie_dog",
      "mon_dog_skeleton",
      "mon_dog_zombie_cop",
      "mon_dog_zombie_rot",
      "mon_zombie_wretched",
      "mon_zombie_corrosive",
      "mon_zombie_acidic",
      "mon_zombie_survivor_elite",
      "mon_zombie_bio_op",
      "mon_zombie_military_pilot",
      "mon_zombie_kevlar_2",
      "mon_zombie_kevlar_1",
      "mon_zombie_soldier_acid_2",
      "mon_zombie_soldier_acid_1",
      "mon_zombie_soldier_blackops_2",
      "mon_zombie_soldier_blackops_1",
      "mon_zombie_soldier",
      "mon_zougar",
      "mon_zoose",
      "mon_zombeaver",
      "mon_zombie_pig",
      "mon_zombear",
      "mon_zolf",
      "mon_giant_cockroach",
      "mon_pregnant_giant_cockroach",
      "mon_giant_cockroach_nymph",
      "mon_hunting_horror",
      "mon_flaming_eye",
      "mon_kreck",
      "mon_gozu",
      "mon_blob_small",
      "mon_blob",
      "mon_blob_large",
      "mon_mi_go",
      "mon_mi_go_guard",
      "mon_mi_go_slaver",
      "mon_mi_go_scout"
    ],
    "flags": [ "SILENT","RANDOM_TARGET" ]
  },
  {
    "id": "DMBB_ORB_MERC_priest_heal_target2",
    "type": "SPELL",
    "name": "Target",
    "description": "Targets self.",
    "valid_targets": [ "self" ],
    "extra_effects": [ { "id": "DMBB_ORB_MERC_priest_heal_target1" } ],
    "effect": "target_attack"
  },
  {
    "id": "DMBB_ORB_MERC_priest_qheal",
    "type": "SPELL",
    "name": "Heal",
    "description": "\"Then here's my useless generic healing spell!\"", "message": "",
    "valid_targets": [ "ally", "self" ],
    "min_aoe": 69,
    "effect": "target_attack",
    "effect_str": "mon_dmbb_orb_merc_priest_qheal",
    "sound_type": "combat",
    "sound_ambient": true,
    "sound_id": "reload",  
	"sound_variant": "thunder_sigil",   "sound_description": "a zing!",
    "affected_body_parts": [ "HEAD", "TORSO", "ARM_L", "ARM_R", "LEG_L", "LEG_R" ],
    "flags": [ "LOUD","RANDOM_TARGET" ]
  },
  {
    "id": "DMBB_ORB_MERC_priest_qheal_target1",
    "type": "SPELL",
    "name": "Target",
    "description": "Then hostiles.",
    "valid_targets": [ "hostile" ],
    "extra_effects": [ { "id": "DMBB_ORB_MERC_priest_qheal", "hit_self": true } ],
    "min_range": 15,
    "effect": "target_attack",
    "targeted_monster_ids": [
      "mon_zombie",
      "mon_beekeeper",
      "mon_zombie_cop",
      "mon_zombie_fireman",
      "mon_zombie_hazmat",
      "mon_zombie_resort_dancer",
      "mon_zombie_resort_bouncer",
      "mon_zombie_resort_staff",
      "mon_zombie_rot",
      "mon_zombie_prisoner",
      "mon_zombie_grabber",
      "mon_zombie_runner",
      "mon_zombie_shady",
      "mon_zombie_shrieker",
      "mon_zombie_swimmer",
      "mon_zombie_technician",
      "mon_zombie_labsecurity",
      "mon_zombie_swat",
      "mon_zombie_fat",
      "mon_zombie_tough",
      "mon_zombie_crawler",
      "mon_skeleton", 
      "mon_skeleton_electric",
      "mon_skeleton_brute",
      "mon_skeleton_hulk",
      "mon_zombie_survivor",
      "mon_zombie_biter",
      "mon_zombie_brainless",
      "mon_zombie_ears",
      "mon_zombie_skull",
      "mon_zombie_brute",
      "mon_zombie_brute_grappler",
      "mon_zombie_brute_ninja",
      "mon_zombie_grappler",
      "mon_zombie_hollow",
      "mon_zombie_hulk",
      "mon_zombie_hunter",
      "mon_zombie_mancroc",
      "mon_zombie_master",
      "mon_zombie_necro",
      "mon_zombie_predator",
      "mon_zombie_screecher",
      "mon_zombie_thorny",
      "mon_zombie_smoker",
      "mon_zombie_anklebiter",
      "mon_zombie_child",
      "mon_zombie_creepy",
      "mon_zombie_shriekling",
      "mon_zombie_snotgobbler",
      "mon_zombie_sproglodyte",
      "mon_zombie_waif",
      "mon_zombie_brute_shocker",
      "mon_zombie_electric",
      "mon_zombie_nullfield",
      "mon_zombie_static",
      "mon_zombie_scientist",
      "mon_zombie_dog",
      "mon_dog_skeleton",
      "mon_dog_zombie_cop",
      "mon_dog_zombie_rot",
      "mon_zombie_wretched",
      "mon_zombie_corrosive",
      "mon_zombie_acidic",
      "mon_zombie_survivor_elite",
      "mon_zombie_bio_op",
      "mon_zombie_military_pilot",
      "mon_zombie_kevlar_2",
      "mon_zombie_kevlar_1",
      "mon_zombie_soldier_acid_2",
      "mon_zombie_soldier_acid_1",
      "mon_zombie_soldier_blackops_2",
      "mon_zombie_soldier_blackops_1",
      "mon_zombie_soldier",
      "mon_zougar",
      "mon_zoose",
      "mon_zombeaver",
      "mon_zombie_pig",
      "mon_zombear",
      "mon_zolf",
      "mon_giant_cockroach",
      "mon_pregnant_giant_cockroach",
      "mon_giant_cockroach_nymph",
      "mon_hunting_horror",
      "mon_flaming_eye",
      "mon_kreck",
      "mon_gozu",
      "mon_blob_small",
      "mon_blob",
      "mon_blob_large",
      "mon_mi_go",
      "mon_mi_go_guard",
      "mon_mi_go_slaver",
      "mon_mi_go_scout"
    ],
    "flags": [ "SILENT","RANDOM_TARGET" ]
  },
  {
    "id": "DMBB_ORB_MERC_priest_qheal_target2",
    "type": "SPELL",
    "name": "Target",
    "description": "Targets self.",
    "valid_targets": [ "self" ],
    "extra_effects": [ { "id": "DMBB_ORB_MERC_priest_qheal_target1" } ],
    "effect": "target_attack"
  },
  {
    "id": "DMBB_ORB_MERC_priest_pure",
    "type": "SPELL",
    "name": "Purify",
    "description": "\"Then here's my generic purification spell!\"", "message": "",
    "valid_targets": [ "ally", "self" ],
    "min_aoe": 69,
    "min_duration": 1000,
    "effect": "target_attack",
    "sound_type": "combat",
    "sound_ambient": true,
    "sound_id": "reload",  
	"sound_variant": "thunder_sigil",   "sound_description": "a zing!",
    "effect_str": "mon_dmbb_orb_merc_priest_pure",
    "flags": [ "LOUD","RANDOM_TARGET" ]
  },
  {
    "id": "DMBB_ORB_MERC_priest_pure_target1",
    "type": "SPELL",
    "name": "Target",
    "description": "Then hostiles.",
    "valid_targets": [ "hostile" ],
    "extra_effects": [ { "id": "DMBB_ORB_MERC_priest_pure", "hit_self": true } ],
    "min_range": 15,
    "effect": "target_attack",
    "targeted_monster_ids": [
      "mon_zombie",
      "mon_beekeeper",
      "mon_zombie_cop",
      "mon_zombie_fireman",
      "mon_zombie_hazmat",
      "mon_zombie_resort_dancer",
      "mon_zombie_resort_bouncer",
      "mon_zombie_resort_staff",
      "mon_zombie_rot",
      "mon_zombie_prisoner",
      "mon_zombie_grabber",
      "mon_zombie_runner",
      "mon_zombie_shady",
      "mon_zombie_shrieker",
      "mon_zombie_swimmer",
      "mon_zombie_technician",
      "mon_zombie_labsecurity",
      "mon_zombie_swat",
      "mon_zombie_fat",
      "mon_zombie_tough",
      "mon_zombie_crawler",
      "mon_skeleton", 
      "mon_skeleton_electric",
      "mon_skeleton_brute",
      "mon_skeleton_hulk",
      "mon_zombie_survivor",
      "mon_zombie_biter",
      "mon_zombie_brainless",
      "mon_zombie_ears",
      "mon_zombie_skull",
      "mon_zombie_brute",
      "mon_zombie_brute_grappler",
      "mon_zombie_brute_ninja",
      "mon_zombie_grappler",
      "mon_zombie_hollow",
      "mon_zombie_hulk",
      "mon_zombie_hunter",
      "mon_zombie_mancroc",
      "mon_zombie_master",
      "mon_zombie_necro",
      "mon_zombie_predator",
      "mon_zombie_screecher",
      "mon_zombie_thorny",
      "mon_zombie_smoker",
      "mon_zombie_anklebiter",
      "mon_zombie_child",
      "mon_zombie_creepy",
      "mon_zombie_shriekling",
      "mon_zombie_snotgobbler",
      "mon_zombie_sproglodyte",
      "mon_zombie_waif",
      "mon_zombie_brute_shocker",
      "mon_zombie_electric",
      "mon_zombie_nullfield",
      "mon_zombie_static",
      "mon_zombie_scientist",
      "mon_zombie_dog",
      "mon_dog_skeleton",
      "mon_dog_zombie_cop",
      "mon_dog_zombie_rot",
      "mon_zombie_wretched",
      "mon_zombie_corrosive",
      "mon_zombie_acidic",
      "mon_zombie_survivor_elite",
      "mon_zombie_bio_op",
      "mon_zombie_military_pilot",
      "mon_zombie_kevlar_2",
      "mon_zombie_kevlar_1",
      "mon_zombie_soldier_acid_2",
      "mon_zombie_soldier_acid_1",
      "mon_zombie_soldier_blackops_2",
      "mon_zombie_soldier_blackops_1",
      "mon_zombie_soldier",
      "mon_zougar",
      "mon_zoose",
      "mon_zombeaver",
      "mon_zombie_pig",
      "mon_zombear",
      "mon_zolf",
      "mon_giant_cockroach",
      "mon_pregnant_giant_cockroach",
      "mon_giant_cockroach_nymph",
      "mon_hunting_horror",
      "mon_flaming_eye",
      "mon_kreck",
      "mon_gozu",
      "mon_blob_small",
      "mon_blob",
      "mon_blob_large",
      "mon_mi_go",
      "mon_mi_go_guard",
      "mon_mi_go_slaver",
      "mon_mi_go_scout"
    ],
    "flags": [ "SILENT","RANDOM_TARGET" ]
  },
  {
    "id": "DMBB_ORB_MERC_priest_pure_target2",
    "type": "SPELL",
    "name": "Target",
    "description": "Targets self.",
    "valid_targets": [ "self" ],
    "extra_effects": [ { "id": "DMBB_ORB_MERC_priest_pure_target1" } ],
    "effect": "target_attack"
  }
]
