[
  {
    "type": "monstergroup",
    "name": "GROUP_DMBB_ZOMBIE",
    "default": "mon_zombie_tough",
    "monsters": [
      { "monster": "mon_dmbb_zombie_void", "freq": 180, "cost_multiplier": 10 },
      { "monster": "mon_zombie_grabber", "freq": 15, "cost_multiplier": 5 },
      { "monster": "mon_zombie_grappler", "freq": 45, "cost_multiplier": 7 },
      { "monster": "mon_zombie_hunter", "freq": 30, "cost_multiplier": 5 },
      { "monster": "mon_skeleton", "freq": 45, "cost_multiplier": 5 },
      { "monster": "mon_zombie_smoker", "freq": 15, "cost_multiplier": 5 },
      { "monster": "mon_zombie_shady", "freq": 15, "cost_multiplier": 5 },
      { "monster": "mon_zombie_gasbag", "freq": 15, "cost_multiplier": 5 },
      { "monster": "mon_zombie_biter", "freq": 15, "cost_multiplier": 5 },
      { "monster": "mon_zombie_shrieker", "freq": 45, "cost_multiplier": 5 },
      { "monster": "mon_zombie_acidic", "freq": 45, "cost_multiplier": 2 },
      { "monster": "mon_zombie_necro", "freq": 8, "cost_multiplier": 25 },
      { "monster": "mon_zombie_necro_boomer", "freq": 6, "cost_multiplier": 27 },
      { "monster": "mon_boomer", "freq": 45, "cost_multiplier": 5 },
      { "monster": "mon_zombie_brute", "freq": 23, "cost_multiplier": 15 },
      { "monster": "mon_zombie_master", "freq": 2, "cost_multiplier": 30 },
      { "monster": "mon_zombie_hollow", "freq": 3, "cost_multiplier": 10 },
      { "monster": "mon_zombie_thorny", "freq": 13, "cost_multiplier": 5 },
      { "monster": "mon_zombie_brute_grappler", "freq": 231, "cost_multiplier": 10 },
      { "monster": "mon_zombie_brute_ninja", "freq": 112, "cost_multiplier": 10 },
      { "monster": "mon_zombie_hulk", "freq": 100, "cost_multiplier": 50 },
      { "monster": "mon_gas_zombie", "freq": 70, "cost_multiplier": 10 },
      { "monster": "mon_zombie_nullfield", "freq": 200, "cost_multiplier": 30 },
      { "monster": "mon_zombie_brute_shocker", "freq": 100, "cost_multiplier": 30 },
      { "monster": "mon_skeleton_electric", "freq": 100, "cost_multiplier": 20 }
    ]
  },
  {
    "type": "monstergroup",
    "name": "GROUP_DMBB_NETHER1",
    "default": "mon_blank",
    "monsters": [
      { "monster": "mon_hunting_horror", "freq": 240, "cost_multiplier": 0 },
      { "monster": "mon_flaming_eye", "freq": 120, "cost_multiplier": 0 },
      { "monster": "mon_kreck", "freq": 210, "cost_multiplier": 0 },
      { "monster": "mon_gozu", "freq": 25, "cost_multiplier": 0 }
    ]
  },
  {
    "type": "mapgen",
    "nested_mapgen_id": "dmbb_sentguard_nested",
    "method": "json",
    "object": {
      "mapgensize": [ 24, 24 ],
      "rows": [
        "P                     P ",
        "                        ",
        "                        ",
        "                        ",
        "                        ",
        "                        ",
        "           @            ",
        "                        ",
        "                        ",
        "                        ",
        "                        ",
        "      @         @       ",
        "                        ",
        "                        ",
        "                        ",
        "                        ",
        "           @            ",
        "                        ",
        "                        ",
        "                        ",
        "                        ",
        "                        ",
        "p                     p ",
        "                        "
      ],
      "terrain": { "P": "t_uniqmazing_fl_yellow" },
      "monster": { "@": { "monster": "mon_dmbb_sentguard", "friendly": true } }
    }
  },
  {
    "type": "mapgen",
    "method": "json",
    "update_mapgen_id": "dmbb_sentguard",
    "object": { "place_nested": [ { "chunks": [ "dmbb_sentguard_nested" ], "x": 0, "y": 0 } ] }
  },
  {
    "type": "mapgen",
    "method": "json",
    "update_mapgen_id": "dmbb_orb_bless_bard_stop",
    "object": { "place_monster": [ { "monster": "mon_dmbb_bless_bard_stop", "x": [ 1, 21 ], "y": 1 } ] }
  },
  {
    "type": "mapgen",
    "method": "json",
    "update_mapgen_id": "dmbb_orb_wave_spawner_zed1",
    "object": { "place_monster": [ { "monster": "mon_dmbb_spawner_zed1", "x": [ 7, 15 ], "y": [ 7, 15 ] } ] }
  },
  {
    "type": "mapgen",
    "method": "json",
    "update_mapgen_id": "dmbb_orb_wave_spawner_zed2",
    "object": { "place_monster": [ { "monster": "mon_dmbb_spawner_zed2", "x": [ 7, 15 ], "y": [ 7, 15 ] } ] }
  },
  {
    "type": "mapgen",
    "method": "json",
    "update_mapgen_id": "dmbb_orb_wave_spawner_survival_zed",
    "object": { "place_monster": [ { "monster": "mon_dmbb_spawner_survival1_zed", "x": [ 10, 12 ], "y": [ 10, 12 ] } ] }
  },
  {
    "type": "mapgen",
    "method": "json",
    "update_mapgen_id": "dmbb_orb_wave_zed_boss1",
    "object": { "place_monster": [ { "monster": "mon_zombie_hulk", "x": [ 1, 21 ], "y": [ 1, 21 ] } ] }
  },
  {
    "type": "mapgen",
    "method": "json",
    "update_mapgen_id": "dmbb_orb_wave_zed_boss2",
    "object": { "place_monster": [ { "monster": "mon_zombie_kevlar_2", "x": [ 1, 21 ], "y": [ 1, 21 ] } ] }
  },
  {
    "type": "mapgen",
    "method": "json",
    "update_mapgen_id": "dmbb_orb_wave_zed_boss3",
    "object": { "place_monster": [ { "monster": "mon_skeleton_hulk", "x": [ 1, 21 ], "y": [ 1, 21 ] } ] }
  },
  {
    "type": "mapgen",
    "method": "json",
    "update_mapgen_id": "dmbb_orb_wave_zed1",
    "object": { "place_monsters": [ { "monster": "GROUP_ZOMBIE", "x": [ 1, 21 ], "y": [ 1, 21 ], "density": 0.1 } ] }
  },
  {
    "type": "mapgen",
    "method": "json",
    "update_mapgen_id": "dmbb_orb_wave_zed2",
    "object": { "place_monsters": [ { "monster": "GROUP_ZOMBIE", "x": [ 1, 21 ], "y": [ 1, 21 ], "density": 0.2 } ] }
  },
  {
    "type": "mapgen",
    "method": "json",
    "update_mapgen_id": "dmbb_orb_wave_zed3",
    "object": { "place_monsters": [ { "monster": "GROUP_ZOMBIE", "x": [ 1, 21 ], "y": [ 1, 21 ], "density": 0.4 } ] }
  },
  {
    "type": "mapgen",
    "method": "json",
    "update_mapgen_id": "dmbb_orb_wave_zed4",
    "object": { "place_monsters": [ { "monster": "GROUP_ZOMBIE", "x": [ 1, 21 ], "y": [ 1, 21 ], "density": 0.8 } ] }
  },
  {
    "type": "mapgen",
    "method": "json",
    "update_mapgen_id": "dmbb_orb_wave_zed5",
    "object": { "place_monsters": [ { "monster": "GROUP_ZOMBIE", "x": [ 1, 21 ], "y": [ 1, 21 ], "density": 1.6 } ] }
  },
  {
    "type": "mapgen",
    "method": "json",
    "update_mapgen_id": "dmbb_orb_wave_evozed1",
    "object": { "place_monsters": [ { "monster": "GROUP_ZOMBIE_UPGRADE", "x": [ 1, 21 ], "y": [ 1, 21 ], "density": 0.1 } ] }
  },
  {
    "type": "mapgen",
    "method": "json",
    "update_mapgen_id": "dmbb_orb_wave_evozed2",
    "object": { "place_monsters": [ { "monster": "GROUP_ZOMBIE_UPGRADE", "x": [ 1, 21 ], "y": [ 1, 21 ], "density": 0.2 } ] }
  },
  {
    "type": "mapgen",
    "method": "json",
    "update_mapgen_id": "dmbb_orb_wave_evozed3",
    "object": { "place_monsters": [ { "monster": "GROUP_ZOMBIE_UPGRADE", "x": [ 1, 21 ], "y": [ 1, 21 ], "density": 0.4 } ] }
  },
  {
    "type": "mapgen",
    "method": "json",
    "update_mapgen_id": "dmbb_orb_wave_evozed4",
    "object": { "place_monsters": [ { "monster": "GROUP_ZOMBIE_UPGRADE", "x": [ 1, 21 ], "y": [ 1, 21 ], "density": 0.8 } ] }
  },
  {
    "type": "mapgen",
    "method": "json",
    "update_mapgen_id": "dmbb_orb_wave_evozed5",
    "object": { "place_monsters": [ { "monster": "GROUP_ZOMBIE_UPGRADE", "x": [ 1, 21 ], "y": [ 1, 21 ], "density": 1.6 } ] }
  },
  {
    "type": "mapgen",
    "method": "json",
    "update_mapgen_id": "dmbb_orb_wave_evopluszed1",
    "object": { "place_monsters": [ { "monster": "GROUP_DMBB_ZOMBIE", "x": [ 1, 21 ], "y": [ 1, 21 ], "density": 0.1 } ] }
  },
  {
    "type": "mapgen",
    "method": "json",
    "update_mapgen_id": "dmbb_orb_wave_evopluszed2",
    "object": { "place_monsters": [ { "monster": "GROUP_DMBB_ZOMBIE", "x": [ 1, 21 ], "y": [ 1, 21 ], "density": 0.2 } ] }
  },
  {
    "type": "mapgen",
    "method": "json",
    "update_mapgen_id": "dmbb_orb_wave_evopluszed3",
    "object": { "place_monsters": [ { "monster": "GROUP_DMBB_ZOMBIE", "x": [ 1, 21 ], "y": [ 1, 21 ], "density": 0.4 } ] }
  },
  {
    "type": "mapgen",
    "method": "json",
    "update_mapgen_id": "dmbb_orb_wave_evopluszed4",
    "object": { "place_monsters": [ { "monster": "GROUP_DMBB_ZOMBIE", "x": [ 1, 21 ], "y": [ 1, 21 ], "density": 0.8 } ] }
  },
  {
    "type": "mapgen",
    "method": "json",
    "update_mapgen_id": "dmbb_orb_wave_evopluszed5",
    "object": { "place_monsters": [ { "monster": "GROUP_DMBB_ZOMBIE", "x": [ 1, 21 ], "y": [ 1, 21 ], "density": 1.6 } ] }
  },
  {
    "type": "mapgen",
    "method": "json",
    "update_mapgen_id": "dmbb_orb_wave_roa1",
    "object": {
      "place_monsters": [
        { "monster": "GROUP_ROACH", "x": [ 1, 21 ], "y": 1, "density": 0.2 },
        { "monster": "GROUP_ROACH", "x": 21, "y": [ 1, 21 ], "density": 0.2 },
        { "monster": "GROUP_ROACH", "x": [ 1, 21 ], "y": 21, "density": 0.2 },
        { "monster": "GROUP_ROACH", "x": 1, "y": [ 1, 21 ], "density": 0.2 }
      ]
    }
  },
  {
    "type": "mapgen",
    "method": "json",
    "update_mapgen_id": "dmbb_orb_wave_roa2",
    "object": {
      "place_monsters": [
        { "monster": "GROUP_ROACH", "x": [ 1, 21 ], "y": 1, "density": 0.4 },
        { "monster": "GROUP_ROACH", "x": 21, "y": [ 1, 21 ], "density": 0.4 },
        { "monster": "GROUP_ROACH", "x": [ 1, 21 ], "y": 21, "density": 0.4 },
        { "monster": "GROUP_ROACH", "x": 1, "y": [ 1, 21 ], "density": 0.4 }
      ]
    }
  },
  {
    "type": "mapgen",
    "method": "json",
    "update_mapgen_id": "dmbb_orb_wave_roa3",
    "object": {
      "place_monsters": [
        { "monster": "GROUP_ROACH", "x": [ 1, 21 ], "y": 1, "density": 0.8 },
        { "monster": "GROUP_ROACH", "x": 21, "y": [ 1, 21 ], "density": 0.8 },
        { "monster": "GROUP_ROACH", "x": [ 1, 21 ], "y": 21, "density": 0.8 },
        { "monster": "GROUP_ROACH", "x": 1, "y": [ 1, 21 ], "density": 0.8 }
      ]
    }
  },
  {
    "type": "mapgen",
    "method": "json",
    "update_mapgen_id": "dmbb_orb_wave_net1",
    "object": { "place_monsters": [ { "monster": "GROUP_DMBB_NETHER1", "x": [ 1, 21 ], "y": [ 1, 21 ], "density": 0.2 } ] }
  },
  {
    "type": "mapgen",
    "method": "json",
    "update_mapgen_id": "dmbb_orb_wave_net2",
    "object": { "place_monsters": [ { "monster": "GROUP_DMBB_NETHER1", "x": [ 1, 21 ], "y": [ 1, 21 ], "density": 0.4 } ] }
  },
  {
    "type": "mapgen",
    "method": "json",
    "update_mapgen_id": "dmbb_orb_wave_net3",
    "object": { "place_monsters": [ { "monster": "GROUP_DMBB_NETHER1", "x": [ 1, 21 ], "y": [ 1, 21 ], "density": 0.8 } ] }
  },
  {
    "type": "mapgen",
    "method": "json",
    "update_mapgen_id": "dmbb_orb_wave_blo1",
    "object": {
      "place_monsters": [
        { "monster": "GROUP_BLOB", "x": [ 1, 21 ], "y": 1, "density": 0.05 },
        { "monster": "GROUP_BLOB", "x": 21, "y": [ 1, 21 ], "density": 0.05 },
        { "monster": "GROUP_BLOB", "x": [ 1, 21 ], "y": 21, "density": 0.05 },
        { "monster": "GROUP_BLOB", "x": 1, "y": [ 1, 21 ], "density": 0.05 }
      ]
    }
  },
  {
    "type": "mapgen",
    "method": "json",
    "update_mapgen_id": "dmbb_orb_wave_blo2",
    "object": {
      "place_monsters": [
        { "monster": "GROUP_BLOB", "x": [ 1, 21 ], "y": 1, "density": 0.1 },
        { "monster": "GROUP_BLOB", "x": 21, "y": [ 1, 21 ], "density": 0.1 },
        { "monster": "GROUP_BLOB", "x": [ 1, 21 ], "y": 21, "density": 0.1 },
        { "monster": "GROUP_BLOB", "x": 1, "y": [ 1, 21 ], "density": 0.1 }
      ]
    }
  },
  {
    "type": "mapgen",
    "method": "json",
    "update_mapgen_id": "dmbb_orb_wave_blo3",
    "object": {
      "place_monsters": [
        { "monster": "GROUP_BLOB", "x": [ 1, 21 ], "y": 1, "density": 0.2 },
        { "monster": "GROUP_BLOB", "x": 21, "y": [ 1, 21 ], "density": 0.2 },
        { "monster": "GROUP_BLOB", "x": [ 1, 21 ], "y": 21, "density": 0.2 },
        { "monster": "GROUP_BLOB", "x": 1, "y": [ 1, 21 ], "density": 0.2 }
      ]
    }
  },
  {
    "type": "mapgen",
    "method": "json",
    "update_mapgen_id": "dmbb_orb_wave_mig1",
    "object": { "place_monsters": [ { "monster": "GROUP_MI-GO_BASE_COMMON", "x": [ 1, 21 ], "y": [ 1, 21 ], "density": 0.2 } ] }
  },
  {
    "type": "mapgen",
    "method": "json",
    "update_mapgen_id": "dmbb_orb_wave_mig2",
    "object": { "place_monsters": [ { "monster": "GROUP_MI-GO_BASE_COMMON", "x": [ 1, 21 ], "y": [ 1, 21 ], "density": 0.4 } ] }
  },
  {
    "type": "mapgen",
    "method": "json",
    "update_mapgen_id": "dmbb_orb_wave_mig3",
    "object": { "place_monsters": [ { "monster": "GROUP_MI-GO_BASE_COMMON", "x": [ 1, 21 ], "y": [ 1, 21 ], "density": 0.8 } ] }
  }
]
