[
  {
    "type": "mutation",
    "id": "DMBB_ORB_stunner",
    "name": { "str": "ACTIVE - Blinding Flash" },
    "points": 0,
    "description": "Trait for the orb.",
    "valid": false,
    "player_display": false,
    "purifiable": false
  },
  {
    "type": "mutation",
    "id": "DMBB_ORB_shockstorm",
    "name": { "str": "ACTIVE - Shockstorm" },
    "points": 0,
    "description": "Trait for the orb.",
    "valid": false,
    "player_display": false,
    "purifiable": false
  },
  {
    "type": "mutation",
    "id": "DMBB_ORB_inferno",
    "name": { "str": "ACTIVE - Inferno" },
    "points": 0,
    "description": "Trait for the orb.",
    "valid": false,
    "player_display": false,
    "purifiable": false
  },
  {
    "type": "mutation",
    "id": "DMBB_ORB_blizzard",
    "name": { "str": "ACTIVE - Blizzard" },
    "points": 0,
    "description": "Trait for the orb.",
    "valid": false,
    "player_display": false,
    "purifiable": false
  },
  {
    "type": "mutation",
    "id": "DMBB_ORB_barrier",
    "name": { "str": "ACTIVE - Barrier" },
    "points": 0,
    "description": "Trait for the orb.",
    "valid": false,
    "player_display": false,
    "purifiable": false
  },
  {
    "type": "mutation",
    "id": "DMBB_ORB_barrier_plus",
    "name": { "str": "ACTIVE - Barrier+" },
    "points": 0,
    "description": "Trait for the orb.",
    "valid": false,
    "player_display": false,
    "purifiable": false
  },
  {
    "type": "mutation",
    "id": "DMBB_ORB_judgment",
    "name": { "str": "ACTIVE - Judgment" },
    "points": 0,
    "description": "Trait for the orb.",
    "valid": false,
    "player_display": false,
    "purifiable": false
  }
]