[
  {
    "type": "mutation",
    "id": "DMBB_ORB_hpup",
    "name": { "str": "PASSIVE - HP up+" },
    "points": 0,
    "description": "Increases health points!",
    "valid": false,
    "purifiable": false,
    "player_display": false,
    "hp_modifier_secondary": 0.5
  },
  {
    "type": "mutation",
    "id": "DMBB_ORB_hpup_plus",
    "name": { "str": "PASSIVE - HP up++" },
    "points": 0,
    "description": "Greatly increases health points!",
    "valid": false,
    "purifiable": false,
    "player_display": false,
    "hp_modifier_secondary": 0.75
  },
  {
    "type": "mutation",
    "id": "DMBB_ORB_hpup_plusultra",
    "name": { "str": "PASSIVE - HP up+++" },
    "points": 0,
    "description": "Significantly increases health points!",
    "valid": false,
    "purifiable": false,
    "player_display": false,
    "hp_modifier_secondary": 1.25
  },
  {
    "type": "mutation",
    "id": "DMBB_ORB_invictime",
    "name": { "str": "PASSIVE - Invincibility Time+" },
    "points": 0,
    "description": "Decreases the time between touches!",
    "valid": false,
    "purifiable": false,
    "player_display": false,
    "attackcost_modifier": 5
  },
  {
    "type": "mutation",
    "id": "DMBB_ORB_invictime_plus",
    "name": { "str": "PASSIVE - Invincibility Time++" },
    "points": 0,
    "description": "Greatly decreases the time between touches!",
    "valid": false,
    "purifiable": false,
    "player_display": false,
    "attackcost_modifier": 1.5
  },
  {
    "type": "mutation",
    "id": "DMBB_ORB_invictime_plusultra",
    "name": { "str": "PASSIVE - Invincibility Time+++" },
    "points": 0,
    "description": "Significantly decreases the time between touches!",
    "valid": false,
    "purifiable": false,
    "player_display": false,
    "attackcost_modifier": 2
  },
  {
    "type": "mutation",
    "id": "DMBB_ORB_perimeter",
    "name": { "str": "PASSIVE - Perimeter+" },
    "points": 0,
    "description": "AOE area for the orb increased!",
    "valid": false,
    "purifiable": false
  },
  {
    "type": "mutation",
    "id": "DMBB_ORB_perimeter_plus",
    "name": { "str": "PASSIVE - Perimeter++" },
    "points": 0,
    "description": "AOE area for the orb increased!",
    "valid": false,
    "purifiable": false
  },
  {
    "type": "mutation",
    "id": "DMBB_ORB_perimeter_plusultra",
    "name": { "str": "PASSIVE - Perimeter+++" },
    "points": 0,
    "description": "AOE area for the orb maxed!",
    "valid": false,
    "purifiable": false
  },
  {
    "type": "mutation",
    "id": "DMBB_ORB_cesheal",
    "name": { "str": "PASSIVE - Celestial Healing" },
    "points": 0,
    "description": "Allows usage of essence for healing.",
    "valid": false,
    "purifiable": false
  },
  {
    "type": "mutation",
    "id": "DMBB_ORB_cesheal_plus",
    "name": { "str": "PASSIVE - Celestial Healing+" },
    "points": 0,
    "description": "Allows higher usage of essence for healing.",
    "valid": false,
    "purifiable": false
  },
  {
    "type": "mutation",
    "id": "DMBB_ORB_cespure",
    "name": { "str": "PASSIVE - Celestial Purification" },
    "points": 0,
    "description": "Allows usage of essence for purification.",
    "valid": false,
    "purifiable": false
  },
  {
    "type": "mutation",
    "id": "DMBB_ORB_cesward",
    "name": { "str": "PASSIVE - Celestial Ward" },
    "points": 0,
    "description": "Allows usage of essence to form an environmental ward.",
    "valid": false,
    "purifiable": false
  },
  {
    "type": "mutation",
    "id": "DMBB_ORB_penitence",
    "name": { "str": "PASSIVE - Penitence" },
    "points": 0,
    "description": "Monsters that touches you may become an ally, as a divine shade.",
    "valid": false,
    "purifiable": false,
    "player_display": false,
    "enchantments": [ "DMBB_ORB_penitence_ench" ]
  },
  {
    "type": "mutation",
    "id": "DMBB_ORB_elemsy",
    "name": { "str": "PASSIVE - Elemental Synergy" },
    "points": 0,
    "description": "Unlocks more options.",
    "valid": false,
    "purifiable": false
  },
  {
    "type": "mutation",
    "id": "DMBB_ORB_darksy",
    "name": { "str": "PASSIVE - Vorpal Synergy" },
    "points": 0,
    "description": "Unlocks more options.",
    "valid": false,
    "purifiable": false
  },
  {
    "type": "mutation",
    "id": "DMBB_ORB_arcanasy",
    "name": { "str": "PASSIVE - Arcane Synergy" },
    "points": 0,
    "description": "Unlocks more options.",
    "valid": false,
    "purifiable": false
  },
  {
    "type": "mutation",
    "id": "DMBB_ORB_cleanse",
    "name": { "str": "PASSIVE - Cleanse" },
    "points": 0,
    "description": "Chance to increase a portal's decay rate.",
    "valid": false,
    "purifiable": false,
    "player_display": false,
    "enchantments": [ "DMBB_ORB_cleanse_ench" ]
  },
  {
    "type": "mutation",
    "id": "DMBB_ORB_sentguard",
    "name": { "str": "PASSIVE - Sentinel's Guard" },
    "points": 0,
    "description": "Four guards will appear and fight in each direction.",
    "valid": false,
    "purifiable": false
  }
]