{
    "id": "DMBB Arena",
    "locations": [ "field" ],
    "occurrences": [ 0, 1 ],
    "overmaps": [
      { "overmap": "field", "point": [ 0, 0, 0 ] },
      { "overmap": "dmbb_arena_3", "point": [ -1, -1, -9 ] },
      { "overmap": "dmbb_arena_2", "point": [ 0, -1, -9 ] },
      { "overmap": "dmbb_arena_1", "point": [ 1, -1, -9 ] },
      { "overmap": "dmbb_arena_6", "point": [ -1, 0, -9 ] },
      { "overmap": "dmbb_arena_5", "point": [ 0, 0, -9 ] },
      { "overmap": "dmbb_arena_4", "point": [ 1, 0, -9 ] },
      { "overmap": "dmbb_arena_9", "point": [ -1, 1, -9 ] },
      { "overmap": "dmbb_arena_8", "point": [ 0, 1, -9 ] },
      { "overmap": "dmbb_arena_7", "point": [ 1, 1, -9 ] }
    ],
    "rotate": false,
    "type": "overmap_special"
  }