[
  {
    "type": "ter_furn_transform",
    "id": "dmbb_revert_colors",
    "fail_message": "There's nothing to revert.",
    "terrain": [
      {
        "result": "t_uniqmazing_fl_yellow",
        "valid_terrain": [ "t_uniqmazing_fl_limegreen", "t_uniqmazing_fl_purple", "t_uniqmazing_fl_red", "t_uniqmazing_fl_sandbrown" ],
        "message": "Terrains here have reverted."
      },
      {
        "result": "t_uniqmazing_wl_yellow",
        "valid_terrain": [ "t_uniqmazing_wl_limegreen", "t_uniqmazing_wl_purple", "t_uniqmazing_wl_red", "t_uniqmazing_fl_sandbrown" ],
        "message": "Terrains here have reverted."
      }
    ]
  },
  {
    "type": "ter_furn_transform",
    "id": "dmbb_change_colors_lime",
    "fail_message": "There's nothing to change.",
    "terrain": [
      {
        "result": "t_uniqmazing_fl_limegreen",
        "valid_terrain": [ "t_uniqmazing_fl_yellow" ],
        "message": "Terrains here have been colored."
      },
      {
        "result": "t_uniqmazing_wl_limegreen",
        "valid_terrain": [ "t_uniqmazing_wl_yellow" ],
        "message": "Terrains here have been colored."
      }
    ]
  },
  {
    "type": "ter_furn_transform",
    "id": "dmbb_change_colors_purple",
    "fail_message": "There's nothing to change.",
    "terrain": [
      {
        "result": "t_uniqmazing_fl_purple",
        "valid_terrain": [ "t_uniqmazing_fl_yellow" ],
        "message": "Terrains here have been colored."
      },
      {
        "result": "t_uniqmazing_wl_purple",
        "valid_terrain": [ "t_uniqmazing_wl_yellow" ],
        "message": "Terrains here have been colored."
      }
    ]
  },
  {
    "type": "ter_furn_transform",
    "id": "dmbb_change_colors_red",
    "fail_message": "There's nothing to change.",
    "terrain": [
      { "result": "t_uniqmazing_fl_red", "valid_terrain": [ "t_uniqmazing_fl_yellow" ], "message": "Terrains here have been colored." },
      {
        "result": "t_uniqmazing_wl_red",
        "valid_terrain": [ "t_uniqmazing_wl_yellow" ],
        "message": "Terrains here have been colored."
      }
    ]
  },
  {
    "type": "ter_furn_transform",
    "id": "dmbb_change_colors_sandbrown",
    "fail_message": "There's nothing to change.",
    "terrain": [
      { "result": "t_uniqmazing_fl_sandbrown", "valid_terrain": [ "t_uniqmazing_fl_yellow" ], "message": "Terrains here have been colored." },
      {
        "result": "t_uniqmazing_fl_sandbrown",
        "valid_terrain": [ "t_uniqmazing_wl_yellow" ],
        "message": "Terrains here have been colored."
      }
    ]
  },
  {
    "type": "ter_furn_transform",
    "id": "dmbb_clear_barrier",
    "fail_message": "There's nothing to remove.",
    "terrain": [
      {
        "result": "t_uniqmazing_fl_azurblue",
        "valid_terrain": [ "t_dmbb_barrier" ],
        "message": "Terrains here have been cleared."
      }
    ]
  },
  {
    "type": "ter_furn_transform",
    "id": "dmbb_change_colors_atked",
    "fail_message": "There's nothing to change.",
    "terrain": [
      {
        "result": "t_uniqmazing_fl_orange",
        "valid_terrain": [ "t_uniqmazing_fl_azurblue" ],
        "message": "Terrains here have been colored."
      },
      {
        "result": "t_uniqmazing_wl_orange",
        "valid_terrain": [ "t_uniqmazing_wl_azurblue" ],
        "message": "Terrains here have been colored."
      }
    ]
  },
  {
    "type": "ter_furn_transform",
    "id": "dmbb_change_colors_defed",
    "fail_message": "There's nothing to change.",
    "terrain": [
      {
        "result": "t_uniqmazing_fl_azurblue",
        "valid_terrain": [ "t_uniqmazing_fl_orange" ],
        "message": "Terrains here have been colored."
      },
      {
        "result": "t_uniqmazing_wl_azurblue",
        "valid_terrain": [ "t_uniqmazing_wl_orange" ],
        "message": "Terrains here have been colored."
      }
    ]
  }
]