[
  {
    "type": "overmap_terrain",
    "id": "dmbb_arena_3",
    "name": "cavern",
    "sym": "#",
    "color": "light_gray",
    "see_cost": 999,
    "flags": [ "NO_ROTATE" ]
  },
  {
    "type": "overmap_terrain",
    "id": "dmbb_arena_2",
    "name": "cavern",
    "sym": "#",
    "color": "light_gray",
    "see_cost": 999,
    "flags": [ "NO_ROTATE" ]
  },
  {
    "type": "overmap_terrain",
    "id": "dmbb_arena_1",
    "name": "cavern",
    "sym": "#",
    "color": "light_gray",
    "see_cost": 999,
    "flags": [ "NO_ROTATE" ]
  },
  {
    "type": "overmap_terrain",
    "id": "dmbb_arena_6",
    "name": "cavern",
    "sym": "#",
    "color": "light_gray",
    "see_cost": 999,
    "flags": [ "NO_ROTATE" ]
  },
  {
    "type": "overmap_terrain",
    "id": "dmbb_arena_5",
    "name": "cavern",
    "sym": "#",
    "color": "light_gray",
    "see_cost": 999,
    "flags": [ "NO_ROTATE" ]
  },
  {
    "type": "overmap_terrain",
    "id": "dmbb_arena_4",
    "name": "cavern",
    "sym": "#",
    "color": "light_gray",
    "see_cost": 999,
    "flags": [ "NO_ROTATE" ]
  },
  {
    "type": "overmap_terrain",
    "id": "dmbb_arena_9",
    "name": "cavern",
    "sym": "#",
    "color": "light_gray",
    "see_cost": 999,
    "flags": [ "NO_ROTATE" ]
  },
  {
    "type": "overmap_terrain",
    "id": "dmbb_arena_8",
    "name": "cavern",
    "sym": "#",
    "color": "light_gray",
    "see_cost": 999,
    "flags": [ "NO_ROTATE" ]
  },
  {
    "type": "overmap_terrain",
    "id": "dmbb_arena_7",
    "name": "cavern",
    "sym": "#",
    "color": "light_gray",
    "see_cost": 999,
    "flags": [ "NO_ROTATE" ]
  }
]