[
  {
    "note": "Portal's health is their lifetime, in turns.",
    "id": "mon_dmbb_spawner_zed1",
    "type": "MONSTER",
    "name": "portal",
    "description": "An interdimensional rift leading horrors through.",
    "default_faction": "zombie",
    "species": [ "UNKNOWN" ],
    "volume": "0 L",
    "weight": "0 kg",
    "hp": 300,
    "speed": 100,
    "material": [ "stone" ],
    "emit_fields": [ "emit_dmbb_spawner_end" ],
    "symbol": "*",
    "color": "magenta",
    "aggression": 100,
    "morale": 100,
    "vision_day": 69,
    "vision_night": 69,
    "armor_bash": 200,
    "armor_cut": 200,
    "armor_stab": 200,
    "armor_bullet": 200,
    "harvest": "exempt",
    "special_attacks": [
      {
        "type": "spell",
        "spell_data": { "id": "mon_dmbb_spawner_zed1_spawn_target" },
        "cooldown": 30,
        "monster_message": "<color_light_red>%1$s undulates!</color>"
      }
    ],
    "death_function": [ "DISAPPEAR" ],
    "death_drops": { "groups": [ [ "mon_dmbb_spawner1", 3 ] ] },
    "flags": [ "SEES", "HEARS", "SMELLS", "WARM", "POISON", "NO_BREATHE", "IMMOBILE", "PACIFIST", "ELECTRIC", "ACIDPROOF", "FIREPROOF", "COLDPROOF" ]
  },
  {
    "id": "mon_dmbb_spawner_zed2",
    "type": "MONSTER",
    "name": "portal",
    "description": "An interdimensional rift leading horrors through.",
    "default_faction": "zombie",
    "species": [ "UNKNOWN" ],
    "volume": "0 L",
    "weight": "0 kg",
    "hp": 500,
    "speed": 100,
    "material": [ "stone" ],
    "emit_fields": [ "emit_dmbb_spawner_end" ],
    "symbol": "*",
    "color": "pink",
    "aggression": 100,
    "morale": 100,
    "vision_day": 69,
    "vision_night": 69,
    "armor_bash": 200,
    "armor_cut": 200,
    "armor_stab": 200,
    "armor_bullet": 200,
    "harvest": "exempt",
    "special_attacks": [
      {
        "type": "spell",
        "spell_data": { "id": "mon_dmbb_spawner_zed2_spawn_target" },
        "cooldown": 45,
        "monster_message": "<color_light_red>%1$s undulates!</color>"
      }
    ],
    "death_function": [ "DISAPPEAR" ],
    "death_drops": { "groups": [ [ "mon_dmbb_spawner2", 3 ] ] },
    "flags": [ "SEES", "HEARS", "SMELLS", "WARM", "POISON", "NO_BREATHE", "IMMOBILE", "PACIFIST", "ELECTRIC", "ACIDPROOF", "FIREPROOF", "COLDPROOF" ]
  },
  {
    "id": "mon_dmbb_spawner_survival1_zed",
    "type": "MONSTER",
    "name": "portal",
    "description": "An interdimensional rift leading horrors through. It has a solid outline, and a prominent magenta hue that shifts and distorts.",
    "default_faction": "zombie",
    "species": [ "UNKNOWN" ],
    "volume": "0 L",
    "weight": "0 kg",
    "hp": 3000,
    "speed": 100,
    "material": [ "stone" ],
    "emit_fields": [ "emit_dmbb_spawner_end" ],
    "symbol": "0",
    "color": "pink",
    "aggression": 100,
    "morale": 100,
    "armor_bash": 200,
    "armor_cut": 200,
    "armor_stab": 200,
    "armor_bullet": 200,
    "vision_day": 69,
    "vision_night": 69,
    "harvest": "exempt",
    "special_attacks": [
      {
        "type": "spell",
        "spell_data": { "id": "mon_dmbb_spawner_survival1_zed_target" },
        "cooldown": 120,
        "monster_message": "<color_light_red>%1$s undulates!</color>"
      }
    ],
    "death_function": [ "DISAPPEAR" ],
    "death_drops": { "groups": [ [ "mon_dmbb_spawner_surv1", 5 ] ] },
    "flags": [ "SEES", "HEARS", "SMELLS", "WARM", "POISON", "NO_BREATHE", "IMMOBILE", "PACIFIST", "ELECTRIC", "ACIDPROOF", "FIREPROOF", "COLDPROOF" ]
  }
]