[
  {
    "type": "item_group",
    "subtype": "collection",
    "id": "mon_dmbb_bless_blindingflash_dd",
    "entries": [ { "item": "dmbb_act_blindingflash" } ]
  },
  {
    "type": "item_group",
    "subtype": "collection",
    "id": "mon_dmbb_bless_shockstorm_dd",
    "entries": [ { "item": "dmbb_act_shockstorm" } ]
  },
  {
    "type": "item_group",
    "subtype": "collection",
    "id": "mon_dmbb_bless_inferno_dd",
    "entries": [ { "item": "dmbb_act_inferno" } ]
  },
  {
    "type": "item_group",
    "subtype": "collection",
    "id": "mon_dmbb_bless_blizzard_dd",
    "entries": [ { "item": "dmbb_act_blizzard" } ]
  },
  {
    "type": "item_group",
    "subtype": "collection",
    "id": "mon_dmbb_bless_judgment_dd",
    "entries": [ { "item": "dmbb_act_judgment" } ]
  },
  {
    "type": "item_group",
    "subtype": "collection",
    "id": "mon_dmbb_bless_bard_stop_dd",
    "entries": [ { "item": "dmbb_act_merc_bard_stop" } ]
  },
  {
    "type": "item_group",
    "subtype": "collection",
    "id": "mon_dmbb_bless_sentguard_despawn_dd",
    "entries": [ { "item": "dmbb_act_sentguard_despawn" } ]
  },
  {
    "type": "item_group",
    "id": "mon_dmbb_spawner1",
    "items": [
      [ "dmbb_essence_plus", 10 ],
      [ "null", 90 ]
    ]
  },
  {
    "type": "item_group",
    "id": "mon_dmbb_spawner2",
    "items": [
      [ "dmbb_essence_plus", 80 ],
      [ "null", 80 ]
    ]
  },
  {
    "type": "item_group",
    "id": "mon_dmbb_spawner_surv1",
    "items": [
      [ "dmbb_essence_plus", 25 ],
      [ "null", 75 ]
    ]
  }
]
