[
  {
    "id": "dmbb_deactivate",
    "type": "SPELL",
    "name": "Deactivate",
    "description": "Monster can't use spells anymore.",
    "flags": [ "SILENT" ],
    "valid_targets": [ "ally", "hostile", "ground", "self" ],
    "effect": "target_attack",
    "effect_str": "blind",
    "min_duration": 100000000
  },
  {
    "type": "SPELL",
    "id": "mon_dmbb_spawner_zed_spawn_GROUP_ZOMBIE",
    "name": "Call Forth",
    "description": "Spawns a monster from the specified group.",
    "flags": [ "LOUD", "HOSTILE_SUMMON", "RANDOM_TARGET", "PERMANENT", "SPAWN_GROUP" ],
    "valid_targets": [ "ground" ],
    "min_damage": 1,
    "max_damage": 1,
    "min_range": 4,
    "max_range": 4,
    "effect": "summon",
    "effect_str": "GROUP_ZOMBIE",
    "sound_type": "combat",
    "sound_ambient": true,
    "sound_id": "reload",
    "sound_variant": "thunder_sigil"
  },
  {
    "type": "SPELL",
    "id": "mon_dmbb_spawner_zed_spawn_GROUP_ZOMBIE_UPGRADE",
    "name": "Call Forth",
    "description": "Spawns a monster from the specified group.",
    "flags": [ "LOUD", "HOSTILE_SUMMON", "RANDOM_TARGET", "PERMANENT", "SPAWN_GROUP" ],
    "valid_targets": [ "ground" ],
    "min_damage": 1,
    "max_damage": 1,
    "min_range": 4,
    "max_range": 4,
    "effect": "summon",
    "effect_str": "GROUP_ZOMBIE_UPGRADE",
    "sound_type": "combat",
    "sound_ambient": true,
    "sound_id": "reload",
    "sound_variant": "thunder_sigil"
  },
  {
    "type": "SPELL",
    "id": "mon_dmbb_spawner_zed1_spawn_target",
    "name": "a spell",
    "description": "Targets then casts the spells.",
    "extra_effects": [ { "id": "mon_dmbb_spawner_zed_spawn_GROUP_ZOMBIE", "hit_self": true } ],
    "flags": [ "SILENT", "WONDER", "RANDOM_DAMAGE" ],
    "valid_targets": [ "ally", "hostile", "ground" ],
    "effect": "target_attack",
    "min_damage": 1,
    "max_damage": 2,
    "min_range": 69,
    "max_range": 69
  },
  {
    "type": "SPELL",
    "id": "mon_dmbb_spawner_zed2_spawn_target",
    "name": "a spell",
    "description": "Targets then casts the spells.",
    "extra_effects": [
      { "id": "mon_dmbb_spawner_zed_spawn_GROUP_ZOMBIE", "hit_self": true },
      { "id": "mon_dmbb_spawner_zed_spawn_GROUP_ZOMBIE", "hit_self": true },
      { "id": "mon_dmbb_spawner_zed_spawn_GROUP_ZOMBIE", "hit_self": true },
      { "id": "mon_dmbb_spawner_zed_spawn_GROUP_ZOMBIE", "hit_self": true },
      { "id": "mon_dmbb_spawner_zed_spawn_GROUP_ZOMBIE", "hit_self": true },
      { "id": "mon_dmbb_spawner_zed_spawn_GROUP_ZOMBIE", "hit_self": true },
      { "id": "mon_dmbb_spawner_zed_spawn_GROUP_ZOMBIE", "hit_self": true },
      { "id": "mon_dmbb_spawner_zed_spawn_GROUP_ZOMBIE", "hit_self": true },
      { "id": "mon_dmbb_spawner_zed_spawn_GROUP_ZOMBIE", "hit_self": true },
      { "id": "mon_dmbb_spawner_zed_spawn_GROUP_ZOMBIE", "hit_self": true },
      { "id": "mon_dmbb_spawner_zed_spawn_GROUP_ZOMBIE_UPGRADE", "hit_self": true }
    ],
    "flags": [ "SILENT", "WONDER", "RANDOM_DAMAGE" ],
    "valid_targets": [ "ally", "hostile", "ground" ],
    "effect": "target_attack",
    "min_damage": 2,
    "max_damage": 3,
    "min_range": 69,
    "max_range": 69
  },
  {
    "type": "SPELL",
    "id": "mon_dmbb_spawner_survival1_zed_target",
    "name": "a spell",
    "description": "Targets then casts the spells.",
    "extra_effects": [
      { "id": "mon_dmbb_spawner_zed_spawn_GROUP_ZOMBIE", "hit_self": true },
      { "id": "mon_dmbb_spawner_zed_spawn_GROUP_ZOMBIE", "hit_self": true },
      { "id": "mon_dmbb_spawner_zed_spawn_GROUP_ZOMBIE", "hit_self": true },
      { "id": "mon_dmbb_spawner_zed_spawn_GROUP_ZOMBIE", "hit_self": true },
      { "id": "mon_dmbb_spawner_zed_spawn_GROUP_ZOMBIE", "hit_self": true },
      { "id": "mon_dmbb_spawner_zed_spawn_GROUP_ZOMBIE", "hit_self": true },
      { "id": "mon_dmbb_spawner_zed_spawn_GROUP_ZOMBIE", "hit_self": true },
      { "id": "mon_dmbb_spawner_zed_spawn_GROUP_ZOMBIE", "hit_self": true },
      { "id": "mon_dmbb_spawner_zed_spawn_GROUP_ZOMBIE", "hit_self": true },
      { "id": "mon_dmbb_spawner_zed_spawn_GROUP_ZOMBIE", "hit_self": true },
      { "id": "mon_dmbb_spawner_zed_spawn_GROUP_ZOMBIE", "hit_self": true },
      { "id": "mon_dmbb_spawner_zed_spawn_GROUP_ZOMBIE", "hit_self": true },
      { "id": "mon_dmbb_spawner_zed_spawn_GROUP_ZOMBIE", "hit_self": true },
      { "id": "mon_dmbb_spawner_zed_spawn_GROUP_ZOMBIE", "hit_self": true },
      { "id": "mon_dmbb_spawner_zed_spawn_GROUP_ZOMBIE", "hit_self": true },
      { "id": "mon_dmbb_spawner_zed_spawn_GROUP_ZOMBIE", "hit_self": true },
      { "id": "mon_dmbb_spawner_zed_spawn_GROUP_ZOMBIE", "hit_self": true },
      { "id": "mon_dmbb_spawner_zed_spawn_GROUP_ZOMBIE", "hit_self": true },
      { "id": "mon_dmbb_spawner_zed_spawn_GROUP_ZOMBIE", "hit_self": true },
      { "id": "mon_dmbb_spawner_zed_spawn_GROUP_ZOMBIE", "hit_self": true },
      { "id": "mon_dmbb_spawner_zed_spawn_GROUP_ZOMBIE_UPGRADE", "hit_self": true },
      { "id": "mon_dmbb_spawner_zed_spawn_GROUP_ZOMBIE_UPGRADE", "hit_self": true },
      { "id": "mon_dmbb_spawner_zed_spawn_GROUP_ZOMBIE_UPGRADE", "hit_self": true }
    ],
    "flags": [ "SILENT", "WONDER", "RANDOM_DAMAGE" ],
    "valid_targets": [ "ally", "hostile", "ground" ],
    "effect": "target_attack",
    "min_damage": 2,
    "max_damage": 5,
    "min_range": 69,
    "max_range": 69
  },
  {
    "id": "mon_dmbb_turret_shock1_shock",
    "type": "SPELL",
    "name": "Shock",
    "description": "Shocks the target with strong electric discharge.",
    "flags": [ "LOUD", "RANDOM_DAMAGE" ],
    "valid_targets": [ "hostile", "ground" ],
    "effect": "line_attack",
    "effect_str": "zapped",
    "sound_type": "combat",
    "sound_ambient": true,
    "sound_id": "bionics",
    "sound_variant": "elec_crackle_low",
    "sound_description": "a crackle.",
    "min_damage": 3,
    "max_damage": 6,
    "min_range": 14,
    "min_duration": 300,
    "damage_type": "electric",
    "field_chance": 15,
    "field_id": "fd_electricity",
    "min_field_intensity": 1
  },
  {
    "id": "mon_dmbb_turret_shock2_shock",
    "type": "SPELL",
    "name": "Shock",
    "description": "Shocks the target with strong electric discharge.",
    "flags": [ "LOUD", "RANDOM_DAMAGE" ],
    "valid_targets": [ "hostile", "ground" ],
    "effect": "line_attack",
    "effect_str": "zapped",
    "sound_type": "combat",
    "sound_ambient": true,
    "sound_id": "bionics",
    "sound_variant": "elec_crackle_low",
    "sound_description": "a crackle.",
    "min_damage": 6,
    "max_damage": 12,
    "min_range": 10,
    "min_aoe": 1,
    "min_duration": 425,
    "damage_type": "electric",
    "field_chance": 15,
    "field_id": "fd_electricity",
    "min_field_intensity": 2
  },
  {
    "id": "mon_dmbb_turret_shock_er_megashock",
    "type": "SPELL",
    "name": "Megahock",
    "description": "Shocks the target with very strong electric discharge.",
    "flags": [ "LOUD", "RANDOM_DAMAGE" ],
    "valid_targets": [ "hostile", "ground" ],
    "effect": "line_attack",
    "effect_str": "zapped",
    "sound_type": "combat",
    "sound_ambient": true,
    "sound_id": "bionics",
    "sound_variant": "elec_crackle_med",
    "sound_description": "arching electricity!",
    "min_damage": 12,
    "max_damage": 24,
    "min_range": 10,
    "min_aoe": 2,
    "min_duration": 500,
    "damage_type": "electric",
    "field_chance": 15,
    "field_id": "fd_electricity",
    "min_field_intensity": 3
  },
  {
    "id": "mon_dmbb_turret_shock_tesla_electrify",
    "type": "SPELL",
    "name": "Electrify",
    "description": "Shocks surrounding hostiles.",
    "flags": [ "LOUD", "RANDOM_DAMAGE" ],
    "valid_targets": [ "hostile" ],
    "effect": "projectile_attack",
    "effect_str": "zapped",
    "sound_type": "combat",
    "sound_ambient": true,
    "sound_id": "bionics",
    "sound_variant": "elec_discharge",
    "sound_description": "an instense crackle!",
    "min_damage": 10,
    "max_damage": 20,
    "min_aoe": 6,
    "min_duration": 250,
    "damage_type": "electric",
    "field_chance": 3,
    "field_id": "fd_electricity",
    "min_field_intensity": 3
  },
  {
    "id": "mon_dmbb_turret_shock_tesla_target",
    "type": "SPELL",
    "name": "Target",
    "description": "Targets hostiles.",
    "flags": [ "LOUD" ],
    "valid_targets": [ "hostile" ],
    "effect": "projectile_attack",
    "extra_effects": [ { "id": "mon_dmbb_turret_shock_tesla_electrify", "hit_self": true } ],
    "min_range": 6
  },
  {
    "id": "mon_dmbb_turret_fire1_scorch",
    "type": "SPELL",
    "name": "Scorch",
    "description": "Sets the target ablaze with a fireball.",
    "flags": [ "LOUD", "RANDOM_DAMAGE" ],
    "valid_targets": [ "hostile", "ground" ],
    "effect": "projectile_attack",
    "effect_str": "onfire",
    "sound_type": "combat",
    "sound_ambient": true,
    "sound_id": "fire_gun",
    "sound_variant": "flamethrower",
    "sound_description": "a fireball blast.",
    "min_damage": 5,
    "max_damage": 10,
    "min_range": 20,
    "min_duration": 300,
    "damage_type": "fire"
  },
  {
    "id": "mon_dmbb_turret_fire2_scorch",
    "type": "SPELL",
    "name": "Scorch",
    "description": "Sets the target ablaze with a fireball.",
    "flags": [ "LOUD", "RANDOM_DAMAGE" ],
    "valid_targets": [ "hostile", "ground" ],
    "effect": "projectile_attack",
    "effect_str": "onfire",
    "sound_type": "combat",
    "sound_ambient": true,
    "sound_id": "fire_gun",
    "sound_variant": "flamethrower",
    "sound_description": "a fireball blast.",
    "min_damage": 10,
    "max_damage": 20,
    "min_range": 20,
    "min_duration": 500,
    "damage_type": "fire"
  },
  {
    "id": "mon_dmbb_turret_fire_pyro_megascorch",
    "type": "SPELL",
    "name": "Megacorch",
    "description": "Sets the targets ablaze with a great fireball.",
    "flags": [ "LOUD", "RANDOM_DAMAGE" ],
    "valid_targets": [ "hostile", "ground" ],
    "effect": "projectile_attack",
    "effect_str": "onfire",
    "sound_type": "combat",
    "sound_ambient": true,
    "sound_id": "fire_gun",
    "sound_variant": "flamethrower",
    "sound_description": "a fireball explosion!",
    "min_damage": 20,
    "max_damage": 40,
    "min_aoe": 1,
    "min_range": 20,
    "min_duration": 700,
    "damage_type": "fire"
  },
  {
    "id": "mon_dmbb_turret_fire_scorch_hellfire",
    "type": "SPELL",
    "name": "Hellfire",
    "description": "Sets targets ablaze in a cone.",
    "flags": [ "LOUD", "RANDOM_DAMAGE", "RANDOM_DURATION" ],
    "valid_targets": [ "hostile", "ground" ],
    "effect": "cone_attack",
    "effect_str": "onfire",
    "sound_type": "combat",
    "sound_ambient": true,
    "sound_id": "fire_gun",
    "sound_variant": "hand_of_armok",
    "sound_description": "a firestream!",
    "min_range": 8,
    "min_aoe": 45,
    "max_duration": 250,
    "min_duration": 1000
  },
  {
    "id": "mon_dmbb_turret_ice1_frost",
    "type": "SPELL",
    "name": "Frost",
    "description": "Freezes targets in a cone.",
    "flags": [ "LOUD", "RANDOM_DAMAGE" ],
    "valid_targets": [ "hostile", "ground" ],
    "effect": "cone_attack",
    "effect_str": "DMBB_ORB_act_blizzard_iced",
    "sound_type": "combat",
    "sound_ambient": true,
    "sound_id": "fire_gun",
    "sound_variant": "chemical_thrower",
    "sound_description": "a fwoosh.",
    "min_damage": 2,
    "max_damage": 4,
    "min_range": 10,
    "min_aoe": 30,
    "min_duration": 700,
    "damage_type": "cold"
  },
  {
    "id": "mon_dmbb_turret_ice2_frost",
    "type": "SPELL",
    "name": "Frost",
    "description": "Freezes targets in a cone.",
    "flags": [ "LOUD", "RANDOM_DAMAGE" ],
    "valid_targets": [ "hostile", "ground" ],
    "effect": "cone_attack",
    "effect_str": "DMBB_ORB_act_blizzard_iced",
    "sound_type": "combat",
    "sound_ambient": true,
    "sound_id": "fire_gun",
    "sound_variant": "chemical_thrower",
    "sound_description": "a fwoosh.",
    "min_damage": 4,
    "max_damage": 8,
    "min_range": 10,
    "min_aoe": 30,
    "min_duration": 1100,
    "damage_type": "cold"
  },
  {
    "id": "mon_dmbb_turret_ice_frost_megafrost",
    "type": "SPELL",
    "name": "Megafrost",
    "description": "Freezes targets in a wide cone.",
    "flags": [ "LOUD", "RANDOM_DAMAGE" ],
    "valid_targets": [ "hostile", "ground" ],
    "effect": "cone_attack",
    "effect_str": "DMBB_ORB_act_blizzard_iced",
    "sound_type": "combat",
    "sound_ambient": true,
    "sound_id": "fire_gun",
    "sound_variant": "chemical_thrower",
    "sound_description": "a fwoooooosh!",
    "min_damage": 8,
    "max_damage": 16,
    "min_range": 12,
    "min_aoe": 60,
    "min_duration": 1500,
    "damage_type": "cold"
  },
  {
    "id": "mon_dmbb_turret_ice_icicle_fspike",
    "type": "SPELL",
    "name": "Frost Spike",
    "description": "Pierces the target with icicle spikes.",
    "flags": [ "LOUD", "RANDOM_DAMAGE" ],
    "valid_targets": [ "hostile", "ground" ],
    "effect": "line_attack",
    "effect_str": "DMBB_ORB_act_blizzard_iced",
    "sound_type": "combat",
    "sound_ambient": true,
    "sound_id": "fire_gun",
    "sound_variant": "helsing",
    "sound_description": "an ice shatter!",
    "min_damage": 4,
    "max_damage": 8,
    "min_range": 25,
    "min_duration": 250,
    "damage_type": "cold"
  },
  {
    "id": "mon_dmbb_turret_ice_icicle_fspike_main",
    "type": "SPELL",
    "name": "Frost Spike",
    "description": "Pierces the target with icicle spikes.",
    "flags": [ "LOUD", "RANDOM_DAMAGE" ],
    "valid_targets": [ "hostile", "ground" ],
    "effect": "line_attack",
    "effect_str": "DMBB_ORB_act_blizzard_iced",
    "sound_type": "combat",
    "sound_ambient": true,
    "sound_id": "fire_gun",
    "sound_variant": "helsing",
    "sound_description": "an ice shatter!",
    "extra_effects": [
      { "id": "mon_dmbb_turret_ice_icicle_fspike" },
      { "id": "mon_dmbb_turret_ice_icicle_fspike" },
      { "id": "mon_dmbb_turret_ice_icicle_fspike" },
      { "id": "mon_dmbb_turret_ice_icicle_fspike" }
    ],
    "min_damage": 8,
    "max_damage": 16,
    "min_range": 25,
    "min_duration": 250,
    "damage_type": "cold"
  },
  {
    "id": "mon_dmbb_divineshade_etherealimplosion",
    "type": "SPELL",
    "name": "Ethereal Implosion",
    "description": "Caster implodes, dealing high true damage to all hostiles in its radius.",
    "flags": [ "LOUD", "RANDOM_DAMAGE" ],
    "valid_targets": [ "hostile", "self" ],
    "effect": "projectile_attack",
    "sound_type": "combat",
    "sound_ambient": true,
    "sound_id": "reload",
    "sound_variant": "thunder_sigil",
    "sound_description": "a zing!",
    "min_damage": 15,
    "max_damage": 30,
    "min_aoe": 2
  },
  {
    "id": "mon_dmbb_divineshade_target",
    "type": "SPELL",
    "name": "Target",
    "description": "Targets hostiles.",
    "flags": [ "SILENT" ],
    "valid_targets": [ "hostile" ],
    "effect": "projectile_attack",
    "extra_effects": [ { "id": "mon_dmbb_divineshade_etherealimplosion", "hit_self": true } ],
    "min_range": 1
  },
  {
    "id": "DMBB_ORB_MERC_bard_notoof",
    "type": "SPELL",
    "name": "Stop",
    "description": "\"U not like it?!!\"",
    "message": "",
    "valid_targets": [ "ally", "self" ],
    "min_aoe": 100,
    "effect": "target_attack",
    "effect_str": "mon_dmbb_orb_merc_bard_interrupt",
    "extra_effects": [ { "id": "dmbb_deactivate", "hit_self": true } ],
    "flags": [ "SILENT", "RANDOM_TARGET" ]
  },
  {
    "id": "DMBB_ORB_sentguard_despawn",
    "type": "SPELL",
    "name": "Despawn",
    "description": "\"Go back!\"",
    "message": "",
    "flags": [ "SILENT", "RANDOM_TARGET" ],
    "valid_targets": [ "hostile", "ally" ],
    "effect": "target_attack",
    "effect_str": "mon_dmbb_orb_damage",
    "targeted_monster_ids": [ "mon_dmbb_sentguard" ],
    "min_range": 100,
    "min_aoe": 100,
    "min_duration": 99999999
  }
]
